municipality,state,total_eventos,total_afetados,populacao_total,percentual_afetados
Abdon Batista,SC,2,2613,2653,98.49227289860535
Abreu E Lima,PE,8,13,94428,0.013767102977930275
Acará,PA,1,23411,53605,43.67316481671486
Aceguá,RS,1,31,4394,0.705507510241238
Acopiara,CE,1,26,51171,0.05081002911805515
Afonso Cláudio,ES,1,0,31086,0.0
Agrolândia,SC,2,1,9328,0.01072041166380789
Agronômica,SC,2,1212,4901,24.72964701081412
Agudo,RS,2,32082,16729,191.7747623886664
Ajuricaba,RS,1,6720,7255,92.62577532736044
Alecrim,RS,1,510,7045,7.23917672107878
Alegre,ES,3,4680,30784,15.202702702702704
Alegrete,RS,2,1206,77673,1.5526630875593834
Alegria,RS,1,4301,4301,100.0
Alenquer,PA,3,14842,52714,28.155708161019845
Alfenas,MG,3,474,73722,0.6429559697240986
Alfredo Chaves,ES,3,650,13960,4.656160458452722
Alpestre,RS,1,7117,8027,88.66326149246294
Altamira,PA,3,551,105030,0.5246120156145863
Alto Alegre,RS,1,1848,1848,100.0
Alto Alegre Do Pindaré,MA,1,0,31028,0.0
Alto Feliz,RS,1,3072,2908,105.63961485557083
Alto Paraná,PR,1,750,13662,5.489679402722881
Alvarães,AM,1,624,14080,4.431818181818182
Alvorada,RS,1,195718,195718,100.0
Alvorada Do Norte,GO,1,4600,8093,56.83924379093044
Além Paraíba,MG,1,4369,34341,12.722401793774205
Amambai,MS,1,5,34739,0.014393045280520452
Amaraji,PE,1,930,21925,4.241733181299886
Amaral Ferrador,RS,2,12710,6355,200.0
Ametista Do Sul,RS,2,9323,7323,127.31121125221902
Anagé,BA,2,12000,25500,47.05882352941176
Ananindeua,PA,1,200,471744,0.04239587572920906
Anapu,PA,1,5196,20493,25.354999268042743
Anapurus,MA,1,3110,13923,22.33713998419881
Anchieta,ES,1,0,23894,0.0
André Da Rocha,RS,1,6,1216,0.4934210526315789
Angical,BA,2,2072,14073,14.723228877993321
Angicos,RN,1,607,11553,5.254046567990998
Angélica,MS,1,3,9170,0.03271537622682661
Anicuns,GO,1,30,20272,0.1479873717442778
Anita Garibaldi,SC,1,0,8627,0.0
Anta Gorda,RS,2,12360,6073,203.52379384159397
Antônio Carlos,MG,1,11112,11112,100.0
Antônio Carlos,SC,1,18,7455,0.2414486921529175
Antônio Prado,RS,3,12837,12837,100.0
Aparecida De Goiânia,GO,4,128,455735,0.028086497635687407
Apiacá,ES,2,14867,7513,197.88366830826567
Apiúna,SC,2,29,9605,0.3019260801665799
Apodi,RN,1,2003,34777,5.759553728038646
Aracaju,SE,2,48,570937,0.00840723232160466
Aracruz,ES,1,4,81746,0.0048932057837692364
Araguari,MG,1,0,109779,0.0
Araguatins,TO,1,0,31324,0.0
Araguaína,TO,1,0,150520,0.0
Arambaré,RS,4,1618,3693,43.8126184673707
Araquari,SC,6,1005,24814,4.050132989441444
Araranguá,SC,2,2094,61339,3.4138150279593735
Arari,MA,1,1157,28477,4.0629279769638655
Araricá,RS,1,4881,4868,100.2670501232539
Aratiba,RS,1,150,6568,2.2838002436053593
Araucária,PR,1,92,119207,0.07717667586635013
Arinos,MG,2,650,17674,3.6777186828109083
Aripuanã,MT,1,0,18581,0.0
Ariquemes,RO,1,21,90354,0.023241915133807026
Aroazes,PI,1,12,5781,0.2075765438505449
Arraial Do Cabo,RJ,1,3,27770,0.010803024846957148
Arroio Do Meio,RS,3,79966,18783,425.7360379066177
Arroio Do Padre,RS,1,2000,2730,73.26007326007326
Arroio Do Tigre,RS,3,28009,12648,221.45003162555344
Arroio Dos Ratos,RS,1,1870,13608,13.741916519694296
Arroio Grande,RS,4,5674,18469,30.721749959391413
Arvoredo,SC,1,700,2256,31.028368794326237
Arvorezinha,RS,1,4713,10229,46.07488513051129
Ascurra,SC,2,0,7419,0.0
Assis Brasil,AC,1,2134,6075,35.1275720164609
Ataléia,MG,1,13736,14451,95.05224551934123
Atilio Vivacqua,ES,2,32,9840,0.3252032520325203
Augusto De Lima,MG,1,2100,4962,42.32164449818622
Augusto Pestana,RS,1,7149,7097,100.73270395941947
Aurora,SC,1,1011,5552,18.20965417867435
Aurora Do Pará,PA,4,317,26579,1.1926709056021672
Açucena,MG,1,10299,10298,100.00971062342204
Bacabal,MA,1,1182,99960,1.1824729891956784
Bagre,PA,2,4700,23855,19.702368476210438
Bagé,RS,1,116792,116792,100.0
Baixa Grande,BA,1,9110,20069,45.39339279485774
Baixo Guandu,ES,4,6,29086,0.02062848105617823
Baião,PA,1,3708,36907,10.04687457663858
Balneário Barra Do Sul,SC,4,461,8423,5.473109343464324
Balneário Camboriú,SC,6,0,108107,0.0
Balneário Gaivota,SC,2,2472,8244,29.985443959243085
Balneário Pinhal,RS,1,4042,10855,37.23629663749424
Balneário Piçarras,SC,2,0,17074,0.0
Bandeira,MG,1,200,4988,4.0096230954290295
Bannach,PA,1,4000,3434,116.48223645894001
Barbacena,MG,4,11587,126325,9.17237284781318
Barra,BA,1,51092,49342,103.54667423290502
Barra Bonita,SC,2,28,1878,1.4909478168264112
Barra De São Francisco,ES,1,80,40610,0.19699581383895592
Barra Do Corda,MA,1,1135,82692,1.3725632467469646
Barra Do Garças,MT,1,1,56423,0.0017723268879712177
Barra Do Guarita,RS,1,3089,3089,100.0
Barra Do Piraí,RJ,5,4343,94855,4.5785672869116025
Barra Do Ribeiro,RS,1,9396,12568,74.76129853596434
Barra Do Rio Azul,RS,2,3432,2003,171.34298552171742
Barra Funda,RS,1,2550,2367,107.73130544993663
Barra Velha,SC,2,11,22403,0.04910056688836316
Barracão,PR,1,90,9737,0.9243093355242888
Barracão,RS,1,0,5355,0.0
Barras,PI,1,1066,44850,2.3768115942028984
Barreirinhas,MA,1,301,54991,0.5473622956483788
Barros Cassal,RS,3,10095,11133,90.67636755591485
Barão,RS,1,81,5742,1.4106583072100314
Barão De Cotegipe,RS,1,7144,6529,109.41951294225763
Barão Do Triunfo,RS,1,5889,7018,83.91279566828156
Bataguassu,MS,3,0,19825,0.0
Batalha,PI,2,4,25786,0.01551229349259288
Belford Roxo,RJ,1,20585,469261,4.38668459556622
Belo Horizonte,MG,1,2375444,2375444,100.0
Belo Oriente,MG,1,23397,23397,100.0
Belterra,PA,2,2080,16324,12.74197500612595
Belém,PA,3,0,1392031,0.0
Benjamin Constant Do Sul,RS,1,0,2307,0.0
Bento Gonçalves,RS,4,845,107341,0.7872108513988131
Berilo,MG,1,80,12307,0.6500365645567563
Betim,MG,1,0,377547,0.0
Biguaçu,SC,2,0,58238,0.0
Blumenau,SC,1,10354,309214,3.3484900424948414
Boa Esperança,ES,1,21,14199,0.1478977392774139
Boa Vista Das Missões,RS,1,2114,2114,100.0
Boa Vista Do Buricá,RS,1,6576,6576,100.0
Boa Vista Do Cadeado,RS,1,2226,2441,91.19213437115936
Boa Vista Do Gurupi,MA,1,1291,7949,16.241036608378412
Boa Vista Do Incra,RS,1,486,2425,20.04123711340206
Boa Vista Do Ramos,AM,1,0,14921,0.0
Boa Vista Do Sul,RS,1,2779,2778,100.03599712023039
Boa Vista Do Tupim,BA,1,3780,18000,21.0
Boca Do Acre,AM,1,13281,29880,44.44779116465863
Bocaina Do Sul,SC,9,144,3290,4.376899696048632
Bodoquena,MS,5,15734,7986,197.0197846230904
Bom Conselho,PE,1,3,45506,0.006592537247835451
Bom Jardim Da Serra,SC,1,411,4400,9.340909090909092
Bom Jesus,RS,2,14354,11556,124.21253028729664
Bom Jesus,SC,1,39,2526,1.5439429928741093
Bom Jesus Do Itabapoana,RJ,3,22437,35384,63.4100158263622
Bom Jesus Do Norte,ES,1,10250,9479,108.13376938495622
Bom Princípio,RS,1,703,11792,5.961668928086839
Bom Progresso,RS,1,2328,2328,100.0
Bom Retiro,SC,2,1453,8942,16.24916126146276
Bom Retiro Do Sul,RS,1,3955,11472,34.47524407252441
Bonito,PA,1,6553,13630,48.07776962582538
Boqueirão Do Leão,RS,2,2485,7673,32.38628958686303
Bossoroca,RS,1,6887,6887,100.0
Botuverá,SC,2,0,4468,0.0
Bozano,RS,1,2200,2200,100.0
Braga,RS,1,3268,3702,88.27660723933009
Bragança,PA,1,8,113165,0.0070693235541024165
Brasiléia,AC,3,26240,21438,122.39947756320552
Brasília,DF,1,80,2562963,0.0031213872381302423
Brasópolis,MG,1,206,14663,1.4048966787151334
Braço Do Norte,SC,1,8,29018,0.027569095044455167
Brejo Da Madre De Deus,PE,2,3534,45192,7.819968135953266
Breves,PA,1,0,92865,0.0
Brochier,RS,4,4971,4677,106.28608082103912
Brotas,SP,1,23898,21580,110.74142724745136
Brusque,SC,4,47823,105495,45.33200625622067
Bueno Brandão,MG,1,9,10892,0.0826294528094014
Bugre,MG,1,45,3990,1.1278195488721803
Bujaru,PA,1,354,25700,1.377431906614786
Buriti,MA,1,675,27042,2.4961171510982916
Buriticupu,MA,4,16000,65226,24.530095360745715
Buritis,MG,1,0,22729,0.0
Buritis,RO,1,0,32385,0.0
Butiá,RS,2,2100,20405,10.291595197255575
Cacequi,RS,2,13561,13685,99.09389842893678
Cachoeira Do Arari,PA,2,7236,20460,35.36656891495601
Cachoeira Do Sul,RS,2,167656,83827,200.00238586612906
Cachoeiras De Macacu,RJ,2,33987,54370,62.51057568512047
Cachoeirinha,RS,2,272258,118294,230.15368488680744
Cachoeiro De Itapemirim,ES,1,769,189878,0.4049968927416552
Cacique Doble,RS,2,4603,4865,94.61459403905447
Cacoal,RO,1,310,78601,0.3943970178496457
Caconde,SP,1,30,18536,0.16184721622788087
Caetité,BA,1,536,47524,1.1278511909771904
Cafezal Do Sul,PR,1,350,4285,8.168028004667445
Caibaté,RS,1,4704,4954,94.95357287040775
Caibi,SC,1,0,6218,0.0
Caieiras,SP,1,16409,86623,18.9430058991261
Caiçara,RS,1,5071,5071,100.0
Caiçara Do Rio Do Vento,RN,2,1510,3304,45.70217917675545
Caldas Novas,GO,2,80,70463,0.11353476292522316
Camaquã,RS,3,63868,62759,101.7670772319508
Camargo,RS,2,2981,2591,115.0521034349672
Cambará Do Sul,RS,1,303,6545,4.629488158899924
Camboriú,SC,1,0,62289,0.0
Cambuci,RJ,1,16,14829,0.10789668892035875
Cambuí,MG,1,0,26491,0.0
Campanário,MG,2,1205,3559,33.857825231806686
Campestre Da Serra,RS,1,350,3247,10.779180782260548
Campina Das Missões,RS,1,5882,6117,96.15824750694784
Campina Grande,PB,1,0,385276,0.0
Campinas Do Sul,RS,1,5284,5509,95.91577418769288
Campinaçu,GO,1,591,3654,16.174055829228244
Campo Belo Do Sul,SC,3,0,7486,0.0
Campo Bom,RS,1,9600,60081,15.978429120687073
Campo Florido,MG,1,0,6870,0.0
Campo Largo,PR,3,180,112486,0.16001991358924667
Campo Novo,RS,1,1200,5459,21.98204799413812
Campos Borges,RS,2,30,3494,0.8586147681740127
Campos Dos Goytacazes,RJ,3,150815,463545,32.53513682598238
Campos Gerais,MG,1,3000,27623,10.86051478840097
Candelária,RS,2,24453,30176,81.03459703075292
Candiota,RS,4,11510,8776,131.1531449407475
Canela,RS,3,130540,39238,332.68770069830265
Canelinha,SC,1,12830,10603,121.0034895784212
Canguaretama,RN,9,30,30900,0.0970873786407767
Canguçu,RS,5,92252,53268,173.1846511977172
Canindé De São Francisco,SE,1,0,24693,0.0
Canoas,RS,4,203625,324025,62.84237327366715
Canoinhas,SC,3,19,52775,0.03600189483657035
Cansanção,BA,3,25525,32923,77.52938675090363
Cantanhede,MA,1,325,20457,1.588698245099477
Canudos,BA,1,4000,15755,25.38876547127896
Canudos Do Vale,RS,1,1656,1807,91.64360819037078
Capela De Santana,RS,1,150,11613,1.2916559028674761
Capelinha,MG,1,39626,34796,113.88090585124726
Capinzal,SC,1,50,20771,0.2407202349429493
Capitão,RS,1,2944,2636,111.68437025796662
Capitão Leônidas Marques,PR,1,248,14936,1.6604177825388324
Capitólio,MG,1,15617,8185,190.80024434941967
Capivari,SP,1,40876,48573,84.15374796697755
Capivari Do Sul,RS,1,7,3890,0.17994858611825193
Capixaba,AC,1,7880,8810,89.44381384790012
Capão Alto,SC,3,0,2753,0.0
Capão Bonito Do Sul,RS,1,1753,1753,100.0
Capão Do Cipó,RS,2,7398,3107,238.10749919536528
Capão Do Leão,RS,2,31500,24294,129.6616448505804
Caracaraí,RR,1,0,18384,0.0
Carazinho,RS,1,4200,59301,7.0825112561339605
Caraá,RS,2,14626,7313,200.0
Caraí,MG,1,2184,22343,9.7748735621895
Caridade Do Piauí,PI,1,3231,4825,66.96373056994818
Carlos Barbosa,RS,2,136,25193,0.53983249315286
Carlos Chagas,MG,2,5060,20087,25.19042166575397
Carlos Gomes,RS,1,1355,1607,84.31860609831985
Carmo Da Mata,MG,1,10927,10927,100.0
Carnaíba,PE,1,0,18585,0.0
Carutapera,MA,1,1750,22008,7.951653944020356
Casca,RS,1,3500,8648,40.47178538390379
Castanhal,PA,2,7900,173096,4.56394139668161
Catuji,MG,1,2165,6705,32.28933631618195
Catuípe,RS,1,9323,9323,100.0
Cavalcante,GO,1,0,9394,0.0
Caxambu,MG,4,229,21719,1.0543763525024172
Caxias Do Sul,RS,1,435482,435482,100.0
Caçapava Do Sul,RS,1,0,33700,0.0
Ceará-Mirim,RN,1,0,67844,0.0
Celso Ramos,SC,2,0,2773,0.0
Centenário,RS,2,5934,2967,200.0
Cerrito,RS,2,2601,6404,40.61524047470331
Cerro Branco,RS,3,7602,4454,170.67804220925012
Cerro Grande,RS,2,2567,2417,106.20604054613156
Cerro Grande Do Sul,RS,2,2278,10280,22.15953307392996
Cerro Largo,RS,2,14005,13289,105.38791481676574
Chapada,RS,1,9478,9377,101.0771035512424
Chapadão Do Lageado,SC,2,2950,2764,106.72937771345876
Chapecó,SC,2,0,183561,0.0
Charqueadas,RS,1,6915,35363,19.5543364533552
Charrua,RS,2,2968,3471,85.50849899164506
Chiapetta,RS,1,4044,4044,100.0
Chopinzinho,PR,1,167,19673,0.8488791745031261
Chuvisca,RS,2,5444,4944,110.11326860841424
Chuí,RS,1,6262,5919,105.7948977867883
Cidreira,RS,1,3200,12654,25.28844634107792
Ciríaco,RS,4,4350,4922,88.3787078423405
Clevelândia,PR,1,500,17232,2.9015784586815228
Coari,AM,1,810,75909,1.067067146188199
Cocal Do Sul,SC,1,418,15171,2.7552567398325754
Codó,MA,1,0,118072,0.0
Colares,PA,1,8369,11382,73.52837814092426
Colatina,ES,2,398,111794,0.356011950551908
Colinas,MA,2,3360,39167,8.578650394464727
Colinas,RS,3,7500,2420,309.91735537190084
Colniza,MT,2,102,26390,0.38651004168245545
Colorado,RS,2,3552,3550,100.05633802816902
Coluna,MG,1,550,9024,6.094858156028369
Conceição,PB,1,690,18366,3.7569421757595554
Conceição De Ipanema,MG,1,800,4467,17.909111260353704
Conceição De Macabu,RJ,1,1200,21200,5.660377358490567
Conceição Do Lago-Açu,MA,1,1459,14428,10.112281674521762
Conceição Do Mato Dentro,MG,2,3309,17914,18.47158646868371
Conceição Do Pará,MG,1,255,5162,4.939945757458349
Concórdia Do Pará,PA,1,5248,28221,18.596080932638813
Conde,BA,1,537,23594,2.2760023734847845
Condor,RS,1,6500,6552,99.20634920634922
Confresa,MT,1,0,25127,0.0
Congonhal,MG,1,211,10480,2.013358778625954
Conquista,MG,1,3,6527,0.04596292324191818
Conselheiro Pena,MG,3,18996,22232,85.4444044620367
Constantina,RS,1,9741,9741,100.0
Contagem,MG,8,1510,603048,0.2503946617847999
Contendas Do Sincorá,BA,2,1592,4663,34.14111087282865
Coqueiro Baixo,RS,1,1290,1528,84.42408376963351
Cordeiro,RJ,1,1221,20403,5.984414056756359
Coroaci,MG,1,140,10274,1.362663032898579
Coronel Barros,RS,1,2822,2459,114.76209841398943
Coronel Bicaco,RS,1,7748,7748,100.0
Coronel Ezequiel,RN,1,2050,5405,37.92784458834413
Coronel Fabriciano,MG,1,5308,103797,5.1138279526383235
Coronel Pilar,RS,2,1400,1725,81.15942028985508
Coronel Sapucaia,MS,5,8,14064,0.05688282138794084
Correia Pinto,SC,1,2000,14794,13.5189941868325
Corumbiara,RO,1,0,8802,0.0
Corumbá,MS,2,321,103772,0.3093319970705007
Corumbá De Goiás,GO,1,674,10344,6.515854601701469
Corupá,SC,3,0,13852,0.0
Cotegipe,BA,2,7012,13638,51.41516351371169
Cotiporã,RS,1,3917,3917,100.0
Coxilha,RS,2,350,2826,12.384996461429584
Coxim,MS,2,4,32180,0.012430080795525171
Cravolândia,BA,1,800,5042,15.866719555731853
Crissiumal,RS,1,14085,14085,100.0
Cristal,RS,2,1344,7280,18.461538461538463
Cristal Do Sul,RS,1,2826,2826,100.0
Crisólita,MG,1,5265,6040,87.16887417218543
Cruz Alta,RS,4,59231,62825,94.27934739355352
Cruzaltense,RS,1,1635,2141,76.366184026156
Cruzeiro Do Oeste,PR,2,56,20419,0.2742543709290367
Cruzeiro Do Sul,AC,1,500,78444,0.6373973790219775
Cruzeiro Do Sul,RS,2,28452,12331,230.7355445624848
Cruzeta,RN,1,70,7968,0.8785140562248996
Cunha Porã,SC,1,17,10613,0.16018091020446623
Curitiba,PR,3,132,1746896,0.00755625978879109
Curitibanos,SC,1,0,37774,0.0
Currais,PI,1,2,4704,0.04251700680272109
Curral De Dentro,MG,1,1822,6930,26.291486291486294
Curralinho,PA,1,8460,28582,29.59904835210972
Curuá,PA,1,2676,12262,21.823519817321806
Cáceres,MT,2,28000,87912,31.85003185003185
Cássia,MG,1,10413,17428,59.7486802845995
Cândido De Abreu,PR,1,4160,16662,24.966990757412074
Cândido Godói,RS,2,6294,6535,96.31216526396328
Cícero Dantas,BA,3,35206,32304,108.98340762753837
David Canabarro,RS,2,6591,4683,140.74311338885332
Delfim Moreira,MG,1,300,7971,3.763643206624012
Derrubadas,RS,1,2751,3190,86.23824451410658
Descanso,SC,1,18,8638,0.2083815698078259
Desterro De Entre Rios,MG,2,3800,7002,54.27020851185376
Desterro Do Melo,MG,1,1500,3009,49.85044865403789
Dezesseis De Novembro,RS,3,2585,2866,90.195394277739
Diamantina,MG,1,47702,45884,103.96216546072705
Dilermando De Aguiar,RS,3,3066,3064,100.06527415143603
Dionísio,MG,1,6,8739,0.06865774116031582
Dionísio Cerqueira,SC,2,3024,14801,20.431051955948924
Divinópolis,MG,1,0,213076,0.0
Dois Irmãos,RS,1,60,27572,0.21761207021616133
Dois Irmãos Das Missões,RS,1,2157,2157,100.0
Dois Lajeados,RS,1,39,3280,1.1890243902439024
Dois Vizinhos,PR,3,11875,36198,32.805679871816125
Dom Eliseu,PA,1,3972,51318,7.7399742780311005
Dom Feliciano,RS,1,120,14380,0.8344923504867872
Dom Pedrito,RS,2,5230,38916,13.439202384623291
Dom Pedro De Alcântara,RS,2,18,2550,0.7058823529411765
Dom Silvério,MG,2,500,5193,9.628345850182939
Dona Emma,SC,1,0,3723,0.0
Dona Eusébia,MG,1,200,6001,3.3327778703549407
Dona Francisca,RS,1,3401,3401,100.0
Dormentes,PE,1,3,16915,0.017735737511084836
Doutor Maurício Cardoso,RS,2,8940,5313,168.26651609260307
Doutor Pedrinho,SC,1,35,3604,0.9711431742508323
Doutor Ricardo,RS,3,5664,2030,279.01477832512313
Doutor Severiano,RN,1,706,6495,10.869899923017707
Duque De Caxias,RJ,3,156591,855046,18.313751540852774
Dário Meira,BA,2,4251,12841,33.1048983724009
Eldorado Do Sul,RS,3,42423,34335,123.5561380515509
Embu-Guaçu,SP,1,14148,62846,22.512172612417654
Encantado,RS,1,22962,20514,111.93331383445452
Encruzilhada Do Sul,RS,1,7015,24537,28.589477116191876
Engenheiro Paulo De Frontin,RJ,3,29481,13239,222.6829820983458
Engenho Velho,RS,3,2190,1530,143.13725490196077
Entre Rios Do Sul,RS,1,3080,3080,100.0
Entre-Ijuís,RS,1,9158,8938,102.4614007607966
Envira,AM,2,5416,16328,33.17001469867712
Enéas Marques,PR,1,900,6101,14.751680052450416
Epitaciolândia,AC,2,7650,15126,50.57516858389528
Erebango,RS,2,6108,2970,205.65656565656565
Erechim,RS,4,356,96105,0.3704281775141772
Ermo,SC,1,715,2050,34.8780487804878
Erval Grande,RS,1,5167,5167,100.0
Erval Seco,RS,1,7878,7878,100.0
Esmeralda,RS,1,40,3169,1.2622278321236984
Esperança Do Sul,RS,1,3272,3272,100.0
Espumoso,RS,3,30346,15240,199.12073490813648
Estação,RS,1,5517,6011,91.78173348860422
Esteio,RS,3,88556,80669,109.7769899217791
Estrela,RS,2,39999,30628,130.5961864960167
Estrela Velha,RS,1,3070,3628,84.61962513781698
Estância,SE,2,48,64464,0.07446016381236038
Estância Velha,RS,3,24,42589,0.056352579304515246
Eugenópolis,MG,1,1300,10541,12.332795749928849
Eugênio De Castro,RS,1,16,2797,0.572041473006793
Extremoz,RN,2,3400,24550,13.849287169042771
Fagundes Varela,RS,1,155,2579,6.010081426909655
Farroupilha,RS,1,111,63641,0.1744158639870524
Faxinal Do Soturno,RS,4,7187,6672,107.71882494004797
Faxinalzinho,RS,1,2567,2567,100.0
Fazenda Vilanova,RS,1,4291,3697,116.06708141736544
Feijó,AC,3,2000,32311,6.189842468509176
Feliz,RS,4,24894,12359,201.42406343555302
Fervedouro,MG,1,1500,10351,14.491353492416192
Flor Do Sertão,SC,3,1004,1588,63.22418136020151
Flores Da Cunha,RS,3,30892,27135,113.84558688041275
Flores De Goiás,GO,1,300,12058,2.4879747885221426
Floriano Peixoto,RS,1,1668,2018,82.65609514370664
Florianópolis,SC,3,0,421203,0.0
Fontoura Xavier,RS,1,7308,10712,68.22255414488424
Formiga,MG,1,13,65064,0.019980327062584534
Formigueiro,RS,1,6413,7014,91.43142286854862
Formosa Da Serra Negra,MA,1,98,17780,0.5511811023622047
Forquetinha,RS,1,1222,2473,49.41366761019005
Fortaleza Dos Valos,RS,2,4577,4577,100.0
Francisco Morato,SP,2,8,154538,0.005176720288860992
Franciscópolis,MG,1,5034,5803,86.7482336722385
Frederico Westphalen,RS,2,32797,28848,113.68899057127011
Frutal,MG,2,60908,53474,113.90208325541384
Fundão,ES,1,15,17028,0.08809020436927414
Galiléia,MG,2,2934,6966,42.11886304909561
Gandu,BA,1,421,30329,1.3881103893962874
Garibaldi,RS,1,31517,30692,102.68799687214909
Garopaba,SC,1,29020,18144,159.9426807760141
Garruchos,RS,2,2688,3233,83.14259201979586
Garuva,SC,1,0,14762,0.0
Gaurama,RS,1,5665,5862,96.63937222790857
General Carneiro,PR,1,4371,13667,31.982146776907882
General Câmara,RS,1,701,8452,8.293894936109798
Gentil,RS,2,2344,1677,139.77340488968395
Getúlio Vargas,RS,2,16165,16156,100.0557068581332
Giruá,RS,1,1890,17085,11.06233538191396
Glaucilândia,MG,2,3084,2964,104.0485829959514
Glorinha,RS,2,2000,6885,29.048656499636895
Goianinha,RN,1,0,22467,0.0
Goianésia Do Pará,PA,1,7112,30437,23.366297598317836
Goiânia,GO,1,15,1301892,0.001152169304366261
Gonçalves,MG,1,315,4220,7.464454976303317
Gouveia,MG,1,489,11687,4.184136219731325
Governador Nunes Freire,MA,1,600,25402,2.3620187386819933
Governador Valadares,MG,1,241430,263594,91.591614376655
Grajaú,MA,1,1578,61903,2.549149475792772
Gramado,RS,2,1284,32300,3.975232198142415
Gramado Dos Loureiros,RS,1,2269,2269,100.0
Gramado Xavier,RS,3,3304,3970,83.22418136020151
Gravataí,RS,4,284103,255762,111.081004996833
Grupo De Municípios,AC,3,208855,0,inf
Grupo De Municípios,AP,1,2101,0,inf
Grupo De Municípios,BA,1,103042,0,inf
Grupo De Municípios,ES,1,19610,0,inf
Grupo De Municípios,RS,1,46081,0,inf
Grão Mogol,MG,2,1430,15026,9.51683748169839
Guabiju,RS,1,1598,1598,100.0
Guajará,AM,1,5775,14074,41.03311070058264
Guanhães,MG,1,0,31266,0.0
Guapimirim,RJ,1,3598,51487,6.988171771515139
Guaporé,RS,3,71588,22810,313.84480491012715
Guaraciaba,SC,1,0,10498,0.0
Guarani Das Missões,RS,2,14830,8115,182.74799753542823
Guaranésia,MG,2,4339,18714,23.185850165651384
Guaratinguetá,SP,2,7055,112091,6.293993273322568
Guaratuba,PR,1,3744,32088,11.667913238593867
Guariba,SP,1,10077,35491,28.393113747147165
Guarinos,GO,2,522,2306,22.63660017346054
Guatambú,SC,1,4,4675,0.0855614973262032
Guaçuí,ES,2,1009,27853,3.622590026209026
Guaíba,RS,1,59870,95230,62.8688438517274
Harmonia,RS,2,223,4254,5.242125058768218
Herval,RS,2,6210,6757,91.90469143110847
Herveiras,RS,1,2526,2954,85.51117129316181
Horizontina,RS,2,37739,18350,205.66212534059946
Hulha Negra,RS,5,12284,6048,203.10846560846562
Humaitá,RS,2,4933,4919,100.28461069323033
Iaciara,GO,1,605,12438,4.864126065283807
Ibarama,RS,1,3736,4371,85.47243193777167
Ibatiba,ES,1,900,22346,4.027566454846505
Ibiara,PB,1,2345,6031,38.88244072293152
Ibiaçá,RS,2,2500,4710,53.07855626326964
Ibiaí,MG,1,110,7839,1.4032402092103584
Ibicuí,BA,1,350,15786,2.2171544406436086
Ibiraiaras,RS,1,7175,7175,100.0
Ibirama,SC,3,14857,17342,85.67062622534887
Ibirapuitã,RS,1,1670,4061,41.12287613888205
Ibirubá,RS,2,200,19312,1.035625517812759
Iconha,ES,2,0,12514,0.0
Ielmo Marinho,RN,1,0,12188,0.0
Igrejinha,RS,3,31663,31663,100.0
Iguatemi,MS,3,0,14887,0.0
Iguaí,BA,1,851,25724,3.3081946820090193
Ijuí,RS,1,84041,78920,106.48884946781551
Ilhéus,BA,2,18841,184231,10.22683478893346
Ilópolis,RS,1,32,4098,0.7808687164470474
Imbituba,SC,2,690,40200,1.7164179104477613
Imigrante,RS,1,3025,3025,100.0
Indaial,SC,3,0,54794,0.0
Independência,RS,1,1800,6618,27.198549410698096
Inhacorá,RS,2,4534,2267,200.0
Inhapim,MG,1,14212,24269,58.560303267542956
Inocência,MS,1,0,7686,0.0
Ipanguaçu,RN,4,5940,13855,42.87260916636593
Ipatinga,MG,3,0,239177,0.0
Ipira,SC,1,884,4752,18.602693602693606
Ipiranga,PR,1,7033,14153,49.69264466897478
Ipiranga Do Sul,RS,1,1720,1944,88.47736625514403
Ipixuna Do Pará,PA,1,12774,51383,24.86036237666154
Ipojuca,PE,22,96,80542,0.11919247100891461
Ipuaçu,SC,3,50,6802,0.7350779182593354
Ipê,RS,1,6017,6017,100.0
Irauçuba,CE,1,3,22347,0.013424620754463686
Iraí,RS,1,8078,8078,100.0
Irineópolis,SC,1,4,10450,0.03827751196172249
Irituia,PA,2,4474,31382,14.25658020521318
Irupi,ES,3,31,11729,0.2643021570466365
Itaara,RS,2,562,5011,11.215326282179205
Itaberaí,GO,1,28,35412,0.07906924206483677
Itabirinha,MG,5,1463,10692,13.68312757201646
Itacarambi,MG,1,65,17739,0.3664242629235019
Itacoatiara,AM,1,3738,86840,4.304467987102718
Itacurubi,RS,2,3007,3441,87.38738738738738
Itaguaçu,ES,1,0,14134,0.0
Itainópolis,PI,1,2617,11099,23.5787007838544
Itaipulândia,PR,1,400,9027,4.431150991470034
Itaiópolis,SC,1,1,20315,0.0049224710804824014
Itajaí,SC,1,20,183388,0.010905838986193208
Itaju Do Colônia,BA,1,3654,7278,50.206100577081614
Itajubá,MG,1,4005,90679,4.416678613570948
Italva,RJ,2,390,14027,2.7803521779425395
Itamari,BA,1,338,7904,4.276315789473684
Itambacuri,MG,2,11812,22797,51.8138351537483
Itanhangá,MT,2,0,5260,0.0
Itaocara,RJ,1,0,22902,0.0
Itapecerica Da Serra,SP,1,338,152380,0.2218138863367896
Itaperuna,RJ,1,12849,95876,13.401685510451
Itapoá,SC,3,451,14775,3.0524534686971236
Itapuca,RS,2,1518,2337,64.95507060333762
Itaqui,RS,2,2037,38166,5.337211130325421
Itarana,ES,1,2830,10881,26.00863891186472
Itati,RS,1,2282,2589,88.14213982232523
Itatiba Do Sul,RS,1,4171,4171,100.0
Itaíba,PE,1,17,26264,0.06472738349070972
Itiúba,BA,1,27093,36112,75.02492246344706
Itororó,BA,1,12054,19911,60.539400331475065
Itueta,MG,1,420,5836,7.196710075394106
Itumirim,MG,1,32,6139,0.5212575338002932
Ituporanga,SC,1,16,22255,0.07189395641428892
Ivaí,PR,1,502,12806,3.9200374824301107
Ivinhema,MS,3,6,22355,0.026839633191679712
Ivorá,RS,2,218,2156,10.111317254174397
Ivoti,RS,1,716,19877,3.602153242441012
Içara,SC,2,6002,58859,10.19725105761226
Jaboatão Dos Guararapes,PE,1,0,644699,0.0
Jaboticaba,RS,1,4111,4111,100.0
Jacinto Machado,SC,2,3834,10608,36.14253393665158
Jacobina,BA,2,139,79285,0.1753168947467995
Jacuizinho,RS,1,2045,2507,81.57159952134025
Jacutinga,RS,1,3630,3630,100.0
Jaguaraçu,MG,1,500,2982,16.76727028839705
Jaguari,RS,2,12284,11478,107.02212929081722
Jaguaruna,SC,2,200,17291,1.156671100572552
Jaguarão,RS,4,40006,27942,143.1751485219383
Jampruca,MG,1,4296,5068,84.76716653512234
Januária,MG,1,0,65464,0.0
Japeri,RJ,4,124327,95391,130.33409860469015
Jaquirana,RS,1,4177,4177,100.0
Jaraguari,MS,1,50,6341,0.7885191610156127
Jaraguá Do Sul,SC,2,20,143206,0.013965895283717163
Jardim De Angicos,RN,1,61,2607,2.339854238588416
Jari,RS,2,3349,3575,93.67832167832168
Jataúba,PE,2,4,15810,0.025300442757748263
Jenipapo Dos Vieiras,MA,1,6201,15397,40.274079366110286
Jequitinhonha,MG,1,0,24179,0.0
Jequiá Da Praia,AL,1,962,12035,7.993352721229746
Jequié,BA,1,2600,151921,1.711415801633744
Jeremoabo,BA,1,5000,37661,13.276333607710894
Jerônimo Monteiro,ES,1,1260,10888,11.572373254959588
Jesuítas,PR,1,69,9001,0.7665814909454505
Ji-Paraná,RO,2,60,116587,0.051463713793133026
Joaquim Nabuco,PE,1,500,15774,3.1697730442500314
Joaçaba,SC,1,12,27005,0.04443621551564525
Joinville,SC,5,36587,515250,7.100824842309558
Jordão,AC,3,19000,6531,290.92022661154493
Juatuba,MG,1,119,22221,0.5355294541199765
Juazeiro,BA,1,3500,197984,1.7678196217876192
Jucurutu,RN,1,0,17692,0.0
Juiz De Fora,MG,17,600534,517872,115.96185930114005
Jupiá,SC,2,0,2148,0.0
Juramento,MG,2,179,4110,4.355231143552311
Juruti,PA,3,9202,47123,19.527619209303314
Juti,MS,3,0,5900,0.0
Jóia,RS,1,8329,8329,100.0
Júlio De Castilhos,RS,2,19596,19579,100.0868277235814
Ladainha,MG,1,250,16999,1.470674745573269
Ladário,MS,1,100,19653,0.5088281687274208
Lages,SC,2,6112,156737,3.8995259574956775
Lago Da Pedra,MA,1,840,46108,1.8218096642665045
Lagoa Bonita Do Sul,RS,2,4502,2662,169.12096168294514
Lagoa De Pedras,RN,2,760,6992,10.869565217391305
Lagoa Dos Três Cantos,RS,2,1893,1598,118.46057571964957
Lagoa Grande Do Maranhão,MA,1,1635,10536,15.518223234624145
Lagoa Real,BA,2,990,13934,7.1049232094158175
Lagoa Vermelha,RS,4,55070,27529,200.04359039558284
Lagoão,RS,2,7023,6185,113.54890864995959
Laguna,SC,1,0,51554,0.0
Laguna Carapã,MS,1,20,6493,0.30802402587401817
Lajeado,RS,7,143556,71481,200.83099005330087
Lajeado Do Bugre,RS,1,2487,2487,100.0
Lajes,RN,1,685,10385,6.596051998074145
Laranjal,MG,2,1565,6465,24.207269914926528
Lauro Muller,SC,1,950,14366,6.6128358624530135
Lavras,MG,6,0,92171,0.0
Lavras Do Sul,RS,1,310,7669,4.0422480114747685
Leandro Ferreira,MG,1,0,3205,0.0
Lençóis,BA,1,56,10368,0.5401234567901234
Leoberto Leal,SC,2,1000,3365,29.71768202080238
Leopoldina,MG,1,51,51136,0.09973404255319149
Liberato Salzano,RS,1,5780,5780,100.0
Lidianópolis,PR,1,283,3972,7.124874118831823
Lima Duarte,MG,1,8918,16166,55.1651614499567
Lindolfo Collor,RS,1,401,5229,7.6687703193727295
Lindóia Do Sul,SC,1,3008,4642,64.79965532098232
Linha Nova,RS,1,35,1624,2.1551724137931036
Linhares,ES,13,2,141254,0.0014158891075650955
Londrina,PR,4,279,506645,0.05506814436143651
Lontras,SC,1,0,10248,0.0
Luiz Alves,SC,1,0,10449,0.0
Luminárias,MG,1,0,5425,0.0
Luziânia,GO,3,32002,174546,18.33442187159832
Luís Eduardo Magalhães,BA,1,253,60179,0.4204124362319081
Macapá,AP,3,2754,397913,0.6921110896100404
Machacalis,MG,1,659,6974,9.449383424146832
Machadinho,RS,1,2127,5515,38.5675430643699
Macuco,RJ,2,900,5269,17.08104004554944
Mafra,SC,7,0,52920,0.0
Magalhães Barata,PA,1,1939,8115,23.894023413431917
Magé,RJ,6,7853,228150,3.4420337497260576
Maiquinique,BA,3,9000,8782,102.48235026189934
Malacacheta,MG,1,1194,18787,6.355458561771438
Mampituba,RS,1,3131,2997,104.47113780447114
Manacapuru,AM,2,3830,85144,4.498261768298413
Manari,PE,1,0,18187,0.0
Manga,MG,1,50,19846,0.2519399375188955
Manhuaçu,MG,5,10213,79635,12.824762981101276
Manoel Urbano,AC,4,3203,7989,40.09262736262361
Manoel Viana,RS,1,440,7074,6.2199604184337005
Mantenópolis,ES,1,15,13600,0.11029411764705882
Maquiné,RS,2,3252,6908,47.075854082223515
Maracaju,MS,1,40,37407,0.10693185767369745
Maracajá,SC,1,0,6409,0.0
Maracanã,PA,4,3640,28376,12.827741753594587
Maratá,RS,1,1928,2527,76.29600316580925
Marau,RS,1,9354,36383,25.70980952642718
Maravilha,SC,1,0,22104,0.0
Marcelino Ramos,RS,3,8652,5134,168.52356836774445
Marechal Floriano,ES,1,0,14249,0.0
Marechal Thaumaturgo,AC,1,8192,14200,57.690140845070424
Mariana Pimentel,RS,1,282,3768,7.484076433121019
Mariano Moro,RS,1,1858,2210,84.07239819004525
Maripá De Minas,MG,1,511,2788,18.32855093256815
Marliéria,MG,1,0,4021,0.0
Marques De Souza,RS,1,4068,4068,100.0
Martins Soares,MG,1,70,7173,0.9758817788930712
Massapê,CE,1,10,35201,0.028408283855572286
Massapê Do Piauí,PI,1,1930,6222,31.018964963034396
Massaranduba,SC,1,0,14668,0.0
Mata,RS,3,15333,5111,300.0
Materlândia,MG,1,315,4595,6.855277475516866
Matinhos,PR,1,6814,29426,23.156392306123834
Mato Castelhano,RS,2,1559,2470,63.11740890688259
Mato Leitão,RS,1,48,3869,1.2406306539157406
Mato Queimado,RS,1,1799,1799,100.0
Matos Costa,SC,1,0,2838,0.0
Matões Do Norte,MA,1,630,13796,4.56654102638446
Maximiliano De Almeida,RS,2,8382,4907,170.81719991848382
Mazagão,AP,1,1219,17030,7.157956547269524
Maçambará,RS,1,3430,4742,72.33234921973852
Medeiros Neto,BA,2,1346,21541,6.248549278120793
Mendes,RJ,2,22129,17940,123.35005574136008
Mendes Pimentel,MG,2,1792,6329,28.314109653973773
Mesquita,MG,1,132,6072,2.1739130434782608
Mesquita,RJ,2,50023,168403,29.704340183963467
Miguel Pereira,RJ,1,1565,24647,6.3496571590862985
Milagres,BA,1,11071,10306,107.42286046962934
Mimoso Do Sul,ES,6,13144,25898,50.752953896053754
Minas Do Leão,RS,2,474,7631,6.211505700432447
Ministro Andreazza,RO,1,6466,10354,62.44929495847016
Miraguaí,RS,2,9710,4855,200.0
Miraí,MG,1,1000,13800,7.246376811594203
Missão Velha,CE,1,1,34258,0.0029190262128553916
Mojuí Dos Campos,PA,1,3664,0,inf
Mongaguá,SP,1,61951,46310,133.7745627294321
Montanha,ES,1,0,17854,0.0
Montauri,RS,1,0,1542,0.0
Monte Alegre,PA,2,8935,55459,16.11100091959826
Monte Alegre Dos Campos,RS,2,278,3098,8.973531310522919
Monte Azul,MG,1,9596,22000,43.61818181818182
Monte Belo Do Sul,RS,1,216,2670,8.089887640449438
Monte Mor,SP,1,5400,48971,11.026934308059873
Monte Santo,BA,1,500,52360,0.9549274255156608
Monte Santo De Minas,MG,1,15,21246,0.07060152499293985
Monteiro Lobato,SP,1,1051,4123,25.49114722289595
Montenegro,RS,1,11263,59436,18.949794737196314
Monção,MA,2,3050,31748,9.60690437192894
Mormaço,RS,1,2756,2749,100.25463805020007
Morretes,PR,1,1137,15718,7.233744751240616
Morrinhos,GO,2,0,41457,0.0
Morrinhos Do Sul,RS,1,3185,3185,100.0
Morro Redondo,RS,2,2500,6231,40.121970791205264
Morro Reuter,RS,1,1540,5680,27.11267605633803
Mostardas,RS,3,0,12130,0.0
Muaná,PA,1,6800,34237,19.86155329029997
Mucugê,BA,2,1,10548,0.009480470231323474
Muitos Capões,RS,1,2879,2977,96.70809539805173
Muliterno,RS,1,23,1813,1.26861555432984
Mundo Novo,MS,1,30,17035,0.1761080129145876
Muniz Freire,ES,2,23128,18387,125.78452167292109
Muqui,ES,2,21,14396,0.14587385384829119
Muquém Do São Francisco,BA,2,3600,10272,35.046728971962615
Mutum,MG,1,5020,26672,18.82123575284943
Mutuípe,BA,1,46,21466,0.21429236932824
Muçum,RS,1,4791,4791,100.0
Mâncio Lima,AC,1,4420,15246,28.991210809392626
Nanuque,MG,1,10013,40816,24.53204625637005
Nepomuceno,MG,1,6508,25721,25.30228218187473
Nicolau Vergueiro,RS,2,1400,1721,81.34805345729227
Nilópolis,RJ,3,1586,157483,1.0070928290672643
Nioaque,MS,15,0,14396,0.0
Nonoai,RS,2,12076,12076,100.0
Nordestina,BA,1,9000,12398,72.59235360542023
Nova Alvorada,RS,1,125,3177,3.9345294302801386
Nova Bassano,RS,1,9649,8840,109.15158371040722
Nova Belém,MG,3,3374,3732,90.40728831725616
Nova Boa Vista,RS,1,2042,1960,104.18367346938776
Nova Bréscia,RS,1,3034,3184,95.28894472361809
Nova Canaã,BA,1,8560,16727,51.17474741436002
Nova Candelária,RS,1,3000,2751,109.05125408942202
Nova Cruz,RN,2,2720,35541,7.653133001322416
Nova Esperança Do Sul,RS,1,4671,4671,100.0
Nova Friburgo,RJ,1,1017,182016,0.558742088607595
Nova Hartz,RS,1,232,18346,1.2645808350594134
Nova Iguaçu,RJ,2,182717,795212,22.977143202064354
Nova Ipixuna,PA,1,9,14645,0.06145442130419938
Nova Palma,RS,4,19035,6345,300.0
Nova Petrópolis,RS,1,22238,19058,116.68590618113129
Nova Porteirinha,MG,1,106,7398,1.4328196809948635
Nova Prata,RS,1,8595,22830,37.64783180026281
Nova Pádua,RS,1,72,2445,2.9447852760736195
Nova Ramada,RS,1,2437,2437,100.0
Nova Roma Do Sul,RS,1,3466,3347,103.5554227666567
Nova Santa Rita,RS,2,10950,22706,48.22513872985114
Nova Trento,SC,2,0,12179,0.0
Novo Barreiro,RS,2,4272,3978,107.39064856711916
Novo Cabrais,RS,1,60,3855,1.556420233463035
Novo Gama,GO,2,0,95013,0.0
Novo Hamburgo,RS,1,20981,239051,8.77678821674036
Novo Horizonte,SP,1,0,36612,0.0
Novo Machado,RS,1,3198,3927,81.43621084797556
Novo Oriente De Minas,MG,3,5275,10342,51.005608199574546
Novo Tiradentes,RS,2,4292,2277,188.49363197189285
Novo Xingu,RS,1,1646,1757,93.68241320432556
Não-Me-Toque,RS,2,3627,15938,22.75693311582382
Nísia Floresta,RN,1,1860,23818,7.809219917709295
Oeiras Do Pará,PA,1,13359,28595,46.71795768490995
Olímpio Noronha,MG,1,0,2533,0.0
Oratórios,MG,2,0,4486,0.0
Oriximiná,PA,17,7889,62963,12.529580864952433
Orleans,SC,5,2012,21395,9.404066370647348
Osasco,SP,2,98,666469,0.01470435984269336
Osório,RS,1,10,40941,0.02442539263818666
Otacílio Costa,SC,2,0,16348,0.0
Ourilândia Do Norte,PA,1,171,27564,0.6203744013931214
Ouro Verde De Minas,MG,3,4390,6021,72.91147649892045
Pacajá,PA,1,3184,40052,7.949665434934585
Paim Filho,RS,1,3629,4243,85.52910676408202
Palestina Do Pará,PA,1,2685,7487,35.86216107920395
Palhoça,SC,1,10061,137199,7.333143827578918
Palma Sola,SC,2,15,7765,0.19317450096587252
Palmares,PE,1,0,59524,0.0
Palmares Do Sul,RS,1,150,10971,1.3672409078479628
Palmeira,SC,1,446,2376,18.77104377104377
Palmeira Das Missões,RS,2,35035,34335,102.03873598369012
Palmeirândia,MA,1,5136,18766,27.36864542257274
Palmitinho,RS,1,7839,6920,113.28034682080926
Panambi,RS,4,55108,38068,144.7620048334559
Pantano Grande,RS,1,5401,9895,54.58312278928752
Paracambi,RJ,3,5578,47074,11.84942855928963
Paragominas,PA,1,8105,97788,8.288338037387001
Paraibuna,SP,1,3000,17384,17.257248044178557
Paraipaba,CE,2,1500,30041,4.993175992809826
Paranapanema,SP,1,514,17810,2.8860190903986527
Paraí,RS,1,6812,6812,100.0
Paraíso Do Sul,RS,2,13038,7336,177.72628135223556
Pareci Novo,RS,1,1129,3511,32.15608088863572
Parelhas,RN,1,38,20347,0.18675971887747578
Parintins,AM,1,13361,102066,13.090549252444497
Parnamirim,RN,1,1630,202413,0.8052842455771122
Parobé,RS,3,7308,51481,14.195528447388355
Pará De Minas,MG,3,177,84252,0.21008403361344538
Passa Sete,RS,6,21060,5159,408.2186470246172
Passira,PE,1,100,28664,0.3488696622941669
Passo De Torres,SC,1,0,6631,0.0
Passo Do Sobrado,RS,1,2884,6011,47.97870570620529
Passo Fundo,RS,2,2748,184869,1.4864579783522387
Pato Branco,PR,1,568,72373,0.7848230693767012
Pau D`Arco,PA,1,235,6029,3.8978271686846906
Paula Cândido,MG,1,100,9269,1.0788650339842487
Paulo Afonso,BA,1,16222,108419,14.962322102214557
Paulo Bento,RS,1,2196,2196,100.0
Paulo Lopes,SC,1,120,6692,1.7931858936043037
Paverama,RS,1,5097,8047,63.34037529514105
Pavão,MG,1,2812,8589,32.73955058796135
Pedra Bonita,MG,2,74,6673,1.108946500824217
Pedra Dourada,MG,1,0,2187,0.0
Pedra Grande,RN,1,0,3521,0.0
Pedras Altas,RS,1,2061,2218,92.92155094679892
Pedras Grandes,SC,1,136,4107,3.3114195276357434
Pedro Alexandre,BA,1,6075,16995,35.745807590467784
Pedro Avelino,RN,1,0,7168,0.0
Pedro Canário,ES,1,16,23789,0.0672579763756358
Pedro Do Rosário,MA,1,500,22731,2.1996392591614975
Pedro Osório,RS,1,0,7817,0.0
Pedro Velho,RN,1,0,14119,0.0
Pejuçara,RS,4,10543,3973,265.3662219984898
Pelotas,RS,3,105516,327778,32.191300209287995
Pequeri,MG,1,1000,3165,31.595576619273302
Peri Mirim,MA,1,750,13807,5.432027232563192
Petrolina,PE,4,4941,294081,1.6801493466085875
Picada Café,RS,1,5351,5182,103.26128907757624
Picos,PI,1,0,73417,0.0
Pimenta Bueno,RO,1,2,33754,0.005925223677193814
Pindaré-Mirim,MA,1,928,31145,2.9796114946219294
Pinhal,RS,2,5474,2515,217.6540755467197
Pinhal Grande,RS,2,8942,4471,200.0
Pinheirinho Do Vale,RS,1,4523,4503,100.44414834554742
Pinheiro Machado,RS,5,44964,12787,351.6383827324626
Pinheiro Preto,SC,1,15,3147,0.47664442326024786
Pinhão,PR,1,420,30233,1.389210465385506
Pinto Bandeira,RS,2,440,0,inf
Pirapetinga,MG,1,113,10366,1.0901022573798957
Pirapó,RS,1,1200,2757,43.52557127312296
Piratini,RS,3,59047,19831,297.7509959154859
Piraí Do Sul,PR,1,113,23425,0.4823906083244397
Placas,PA,1,5744,23930,24.003343083994984
Planalto,RS,1,10524,10524,100.0
Plácido De Castro,AC,1,4232,17203,24.60036040225542
Ponta De Pedras,PA,1,1720,25989,6.6181846165685485
Pontal Do Paraná,PR,1,1878,20919,8.977484583393087
Ponte Alta,SC,1,0,4895,0.0
Ponte Preta,RS,8,1575,1750,90.0
Ponte Serrada,SC,1,571,11031,5.176321276402865
Pontão,RS,1,5,3857,0.12963443090484833
Poranga,CE,1,0,12003,0.0
Porteirinha,MG,1,304,37638,0.8076943514533185
Porto Acre,AC,1,4516,14806,30.501148183168986
Porto Alegre,RS,3,1419183,1409939,100.65563120106616
Porto Belo,SC,1,0,16118,0.0
Porto Lucena,RS,1,4360,5421,80.42796532005165
Porto Mauá,RS,1,2142,2544,84.19811320754717
Porto Vera Cruz,RS,1,1560,1852,84.23326133909286
Porto Walter,AC,1,5868,9172,63.97732228521588
Porto Xavier,RS,2,21116,10560,199.9621212121212
Portão,RS,1,192,30881,0.621741523914381
Posse,GO,1,1300,31417,4.137887131171022
Potirendaba,SP,1,15811,15453,102.31670225846115
Pouso Alegre,MG,2,9,130586,0.006892009863231893
Pouso Novo,RS,1,1739,1875,92.74666666666667
Poço Das Antas,RS,2,2517,2017,124.78929102627664
Praia Grande,SC,3,5903,7270,81.19669876203577
Prainha,PA,4,9160,29265,31.30018793780967
Presidente Castello Branco,SC,1,30,1724,1.740139211136891
Presidente Lucena,RS,1,3077,2485,123.82293762575453
Presidente Olegário,MG,1,200,18546,1.0783996549121104
Primavera,PE,5,37,13439,0.27531810402559714
Princesa,SC,1,0,2758,0.0
Progresso,RS,1,5340,6161,86.67424119461127
Protásio Alves,RS,1,74,2000,3.6999999999999997
Prudentópolis,PR,1,22518,48793,46.15006250896645
Putinga,RS,2,2681,4147,64.64914395948878
Pérola,PR,1,224,10208,2.19435736677116
Pérola D`Oeste,PR,1,1400,6764,20.69781194559432
Quaraí,RS,1,7057,23021,30.65461969506103
Quatro Irmãos,RS,1,1552,1778,87.28908886389202
Quedas Do Iguaçu,PR,1,700,30585,2.2887036128821316
Queimados,RJ,2,85841,137938,62.23158230509359
Quevedos,RS,2,5420,2710,200.0
Quijingue,BA,1,27032,27243,99.22548911647029
Quinze De Novembro,RS,1,2500,3653,68.43690117711469
Quipapá,PE,1,3,24187,0.012403357175342127
Quixeré,CE,1,1,19422,0.005148800329523221
Rafard,SP,1,670,8624,7.769016697588126
Raposa,MA,1,21,26280,0.07990867579908677
Raposos,MG,3,1050,15345,6.8426197458455515
Raul Soares,MG,1,9102,23818,38.214795532790326
Rebouças,PR,2,942,14176,6.645033860045146
Recreio,MG,1,800,10301,7.766236287739055
Redentora,RS,1,10222,10222,100.0
Redenção,CE,2,29,26423,0.10975286682057299
Reduto,MG,1,368,6561,5.608901082152111
Relvado,RS,2,3306,2155,153.4106728538283
Resplendor,MG,1,3660,17099,21.40476051231066
Restinga Seca,RS,3,15533,15850,98.0
Riacho Das Almas,PE,1,0,19158,0.0
Ribeira Do Pombal,BA,1,0,48271,0.0
Rio Azul,PR,2,3511,14093,24.913077414319165
Rio Branco,AC,4,261256,335796,77.80199883262458
Rio Casca,MG,1,0,14198,0.0
Rio Crespo,RO,1,0,3316,0.0
Rio De Janeiro,RJ,1,256056,6323037,4.049573013727422
Rio Do Oeste,SC,1,235,7094,3.3126585847194816
Rio Do Prado,MG,1,0,5213,0.0
Rio Do Sul,SC,2,3645,61196,5.956271651741944
Rio Doce,MG,1,321,2468,13.0064829821718
Rio Dos Índios,RS,1,3616,3616,100.0
Rio Grande,RS,4,217446,197253,110.23710665997474
Rio Maria,PA,1,7685,17722,43.36418011511116
Rio Novo Do Sul,ES,1,208,11333,1.8353480984734845
Rio Pardo,RS,2,3502,37602,9.313334397106537
Rio Piracicaba,MG,1,504,14167,3.5575633514505536
Rio Preto,MG,2,6537,5292,123.52607709750568
Rio Rufino,SC,4,450,2436,18.472906403940886
Rio Verde De Mato Grosso,MS,2,0,18892,0.0
Rio Vermelho,MG,1,51,13648,0.37368112543962484
Riozinho,RS,1,4473,4327,103.37416223711577
Riqueza,SC,1,0,4838,0.0
Roca Sales,RS,3,3681,10287,35.7830271216098
Rochedo De Minas,MG,1,72,2116,3.402646502835539
Rodeio,SC,2,0,10914,0.0
Rodeio Bonito,RS,1,6694,5743,116.5592895699112
Rodrigues Alves,AC,1,2548,14334,17.775917399190735
Rolador,RS,2,4746,2546,186.4100549882168
Rolante,RS,1,21253,19493,109.02888216282768
Romelândia,SC,2,10,5551,0.18014772113132768
Roncador,PR,1,760,11544,6.583506583506583
Ronda Alta,RS,1,10228,10228,100.0
Rondinha,RS,1,5520,5520,100.0
Rondon Do Pará,PA,2,13654,46974,29.067143526205985
Roque Gonzales,RS,2,1800,7206,24.979184013322232
Rosário,MA,2,0,39582,0.0
Rosário Do Sul,RS,1,4018,39751,10.107921813287717
Rurópolis,PA,2,7332,40068,18.298891883797545
Sagrada Família,RS,2,2835,2595,109.2485549132948
Saldanha Marinho,RS,2,3310,2869,115.3712094806553
Salinas,MG,3,39127,39182,99.85962942167322
Salto Da Divisa,MG,1,164,6862,2.389973768580589
Salto Do Jacuí,RS,1,10288,11880,86.5993265993266
Salvador Das Missões,RS,1,2877,2669,107.79318096665418
Salvador Do Sul,RS,1,92,6747,1.363568993626797
Salvaterra,PA,1,5608,20184,27.784383670233847
Sananduva,RS,1,0,15373,0.0
Sangão,SC,1,8,10402,0.07690828686791001
Sant`Ana Do Livramento,RS,1,8703,82513,10.547428889993093
Santa Brígida,BA,1,350,15059,2.3241915133807027
Santa Bárbara Do Sul,RS,2,9634,8829,109.117680371503
Santa Cecília,SC,2,3,15740,0.01905972045743329
Santa Clara Do Sul,RS,1,61,5692,1.0716795502459593
Santa Cruz,RN,1,0,35759,0.0
Santa Cruz De Monte Castelo,PR,1,30,8093,0.3706907203756333
Santa Cruz Do Escalvado,MG,1,1200,4996,24.01921537229784
Santa Cruz Do Sul,RS,1,18865,118287,15.948498144343842
Santa Efigênia De Minas,MG,1,1211,4610,26.268980477223426
Santa Helena,SC,1,0,2382,0.0
Santa Helena De Minas,MG,1,51,6055,0.8422791081750619
Santa Inês,MA,1,846,78182,1.0820905067662634
Santa Isabel,SP,1,5014,50464,9.9357958148383
Santa Leopoldina,ES,2,6120,12255,49.93880048959608
Santa Luzia,BA,1,1362,13332,10.216021602160216
Santa Luzia Do Pará,PA,3,10568,19422,54.4125218824014
Santa Margarida Do Sul,RS,2,3964,2352,168.5374149659864
Santa Maria,RN,1,0,4762,0.0
Santa Maria,RS,3,814592,261027,312.07193125615356
Santa Maria Da Serra,SP,1,5314,5418,98.08047249907716
Santa Maria Do Herval,RS,1,56,6053,0.9251610771518256
Santa Maria Do Oeste,PR,3,352,11497,3.061668261285553
Santa Maria Do Salto,MG,1,70,5293,1.322501416965804
Santa Maria Madalena,RJ,3,10,10321,0.09688983625617673
Santa Quitéria,CE,1,350,42759,0.8185411258448514
Santa Rita De Caldas,MG,1,2532,9031,28.036762263315246
Santa Rita Do Itueto,MG,1,1606,5700,28.175438596491226
Santa Rosa,RS,2,2500,68595,3.644580508783439
Santa Rosa Do Purus,AC,1,3607,4612,78.20901994796185
Santa Rosa Do Sul,SC,2,0,8054,0.0
Santa Tereza,RS,3,2126,1717,123.82061735585323
Santa Terezinha Do Progresso,SC,1,0,2896,0.0
Santa Vitória Do Palmar,RS,2,62004,31002,200.0
Santaluz,BA,2,9172,33816,27.12325526378046
Santana,AP,1,882,101203,0.8715156665316245
Santana Da Boa Vista,RS,3,8344,8244,101.2130033964095
Santana Do Jacaré,MG,2,0,4613,0.0
Santana Dos Montes,MG,1,0,3822,0.0
Santarém,PA,2,150,294774,0.050886441816442425
Santiago,RS,1,49298,49082,100.44007986634611
Santo Amaro,BA,1,0,57811,0.0
Santo Amaro Da Imperatriz,SC,1,4620,19830,23.29803328290469
Santo Anastácio,SP,1,506,20498,2.4685335154649235
Santo Antônio Da Patrulha,RS,5,10058,39679,25.34842107916026
Santo Antônio Das Missões,RS,1,520,11210,4.63871543264942
Santo Antônio De Pádua,RJ,1,0,40569,0.0
Santo Antônio Do Aventureiro,MG,1,3494,3534,98.86813808715337
Santo Antônio Do Descoberto,GO,2,1520,63166,2.4063578507424883
Santo Antônio Do Itambé,MG,2,980,4135,23.70012091898428
Santo Antônio Do Jacinto,MG,1,1824,11780,15.483870967741936
Santo Antônio Do Palma,RS,1,2139,2139,100.0
Santo Augusto,RS,1,13970,13970,100.0
Santo Cristo,RS,1,15320,14378,106.55167617192933
Santo Expedito Do Sul,RS,2,4810,2461,195.44900446972775
Santo Ângelo,RS,2,91304,76304,119.65820926819039
Sapiranga,RS,1,2828,75020,3.769661423620368
Sapucaia,RJ,3,145,17504,0.828382084095064
Sapucaia Do Sul,RS,1,61550,130988,46.989037163709654
Sarandi,RS,1,21312,21312,100.0
Satubinha,MA,1,70,11987,0.5839659631267207
Saubara,BA,1,2708,11201,24.176412820283904
Saudades,SC,5,0,9016,0.0
Schroeder,SC,2,0,15316,0.0
Seberi,RS,1,11950,10902,109.6129150614566
Sede Nova,RS,2,392,3011,13.01893058784457
Segredo,RS,2,7165,7158,100.09779267951942
Selbach,RS,1,0,4929,0.0
Sem-Peixe,MG,1,40,2847,1.4049877063575693
Sena Madureira,AC,1,16671,37993,43.87913563024768
Senador Canedo,GO,3,5,84399,0.005924240808540386
Senador Salgado Filho,RS,1,2673,2814,94.98933901918977
Sentinela Do Sul,RS,1,691,5197,13.296132384067732
Serafina Corrêa,RS,2,35035,14243,245.98048164010393
Serra Talhada,PE,1,0,79241,0.0
Serranópolis De Minas,MG,3,3204,4425,72.40677966101696
Serrinha,RN,1,1360,6581,20.66555234766753
Sertão,RS,1,6294,6294,100.0
Sertão Santana,RS,1,2303,5850,39.36752136752137
Sete De Setembro,RS,1,1830,2126,86.07714016933208
Sete Lagoas,MG,2,38,214071,0.017751119955528773
Setubinha,MG,1,661,10885,6.072576940744144
Severiano De Almeida,RS,1,3842,3842,100.0
Silva Jardim,RJ,1,0,21360,0.0
Silveira Martins,RS,1,2452,2452,100.0
Simolândia,GO,1,1728,6512,26.535626535626534
Sinimbu,RS,2,17156,10067,170.4181980729115
Sobradinho,RS,2,14859,14285,104.0182009100455
Sobral,CE,2,164,188271,0.08710847661084288
Socorro,SP,1,17600,36695,47.96293772993596
Soledade,RS,3,34949,30065,116.24480292699151
Sombrio,SC,3,54346,26626,204.10876586794862
Sonora,MS,2,0,14867,0.0
Sorocaba,SP,1,8723,586311,1.4877769647849008
Sorriso,MT,3,18,66506,0.027065227197546084
Soure,PA,1,5455,22995,23.722548380082625
São Benedito Do Sul,PE,1,5137,13939,36.85343281440562
São Bento,MA,1,6780,40717,16.651521477515534
São Bento Do Sapucaí,SP,1,6174,10462,59.013572930606
São Bento Do Sul,SC,2,211,74797,0.2820968755431368
São Borja,RS,1,1700,61662,2.756965391975609
São Carlos,SC,1,42,10284,0.40840140023337224
São Cristóvão,SE,1,0,78876,0.0
São Domingos,SC,2,345,9496,3.6331086773378263
São Domingos Do Prata,MG,2,12566,17352,72.41816505301982
São Domingos Do Sul,RS,1,2926,2926,100.0
São Fidélis,RJ,1,0,37553,0.0
São Francisco,MG,1,4741,53898,8.796244758618132
São Francisco De Assis,RS,1,3040,19258,15.78564752310728
São Francisco De Itabapoana,RJ,1,455,41357,1.1001765118359648
São Francisco De Paula,RS,1,20540,20540,100.0
São Francisco Do Sul,SC,3,1526,42569,3.584768258591933
São Félix Do Xingu,PA,1,65,91293,0.07119932524947149
São Gabriel,RS,1,11900,60508,19.666820916242482
São Geraldo Do Araguaia,PA,1,4399,25584,17.194340212632895
São Geraldo Do Baixio,MG,1,2814,3487,80.69974189848007
São Gonçalo,RJ,1,1200,999901,0.12001188117623644
São Gonçalo Do Abaeté,MG,3,84,6252,1.3435700575815739
São Gonçalo Do Amarante,CE,1,40,43947,0.09101872710310147
São Gotardo,MG,1,4,31807,0.012575848083755147
São Jerônimo,RS,1,22141,22141,100.0
São Jorge,RS,2,5548,2774,200.0
São José Da Lapa,MG,1,31,19801,0.15655774960860563
São José Da Safira,MG,1,3300,4075,80.98159509202453
São José Das Missões,RS,1,2720,2720,100.0
São José De Mipibu,RN,1,0,39771,0.0
São José Do Calçado,ES,1,70,10417,0.6719784966881059
São José Do Cedro,SC,5,0,13672,0.0
São José Do Cerrito,SC,2,4000,9273,43.13598619648442
São José Do Divino,MG,3,4905,3837,127.83424550430023
São José Do Herval,RS,1,800,2204,36.29764065335753
São José Do Hortêncio,RS,1,245,4094,5.984367366878359
São José Do Inhacorá,RS,1,2406,2200,109.36363636363637
São José Do Norte,RS,2,1460,25523,5.720330682129844
São José Do Rio Claro,MT,1,28,17128,0.16347501167678655
São José Do Sul,RS,1,1645,2082,79.01056676272815
São José Dos Ausentes,RS,1,700,3290,21.27659574468085
São João,PE,1,460,21305,2.1591175780333254
São João Batista,MA,1,648,19966,3.2455173795452272
São João Batista,SC,2,98,26260,0.37319116527037316
São João Da Barra,RJ,1,9087,32767,27.73216956083865
São João Da Urtiga,RS,1,4726,4726,100.0
São João Das Missões,MG,1,0,11715,0.0
São João De Meriti,RJ,1,42791,459356,9.315432910422418
São João Do Itaperiú,SC,1,0,3438,0.0
São João Do Polêsine,RS,3,3249,2635,123.30170777988614
São João Do Soter,MA,1,1910,17104,11.166978484565014
São João Do Sul,SC,2,3259,7002,46.54384461582405
São Leopoldo,RS,1,216437,214210,101.03963400401474
São Lourenço Do Sul,RS,3,86608,43114,200.88138423713872
São Luiz Gonzaga,RS,2,49959,34558,144.56565773482262
São Marcos,RS,1,365,20105,1.815468788858493
São Martinho,RS,1,5773,5773,100.0
São Martinho Da Serra,RS,2,273,3201,8.52858481724461
São Mateus,ES,3,55,109067,0.050427718741690886
São Miguel Das Matas,BA,2,10006,10414,96.08219704244286
São Miguel Das Missões,RS,3,7586,7421,102.22342002425549
São Miguel Do Gostoso,RN,2,20,8659,0.23097355352812102
São Miguel Do Guamá,PA,2,12120,51527,23.521648844295225
São Miguel Do Iguaçu,PR,1,2500,25755,9.706853038245002
São Nicolau,RS,2,6228,5727,108.74803562074385
São Paulo Das Missões,RS,1,4,6367,0.06282393591958536
São Paulo De Olivença,AM,2,1588,31426,5.053140711512761
São Pedro Da Aldeia,RJ,1,606,88013,0.6885346482905934
São Pedro Da Serra,RS,1,79,3317,2.3816701839011154
São Pedro Das Missões,RS,1,1757,1886,93.16012725344645
São Pedro De Alcântara,SC,2,86,4710,1.8259023354564756
São Pedro Do Butiá,RS,1,3070,2873,106.85694396101636
São Pedro Do Suaçuí,MG,1,248,5570,4.452423698384201
São Pedro Do Sul,RS,1,626,16371,3.8238348298821085
São Rafael,RN,1,430,8106,5.3047125585985695
São Roberto,MA,1,211,5957,3.542051368138325
São Sebastião Da Amoreira,PR,1,196,8629,2.2714103604125624
São Sebastião Do Caí,RS,2,28094,21944,128.0258840685381
São Sepé,RS,3,20815,23798,87.4653332212791
São Simão,GO,1,158,17086,0.9247337001053494
São Tomé,RN,2,1666,10868,15.32940743467059
São Valentim,RS,2,3264,3632,89.86784140969164
São Valentim Do Sul,RS,1,2303,2168,106.22693726937268
São Valério Do Sul,RS,1,2543,2647,96.0710238005289
São Vendelino,RS,1,115,1944,5.915637860082304
São Vicente De Minas,MG,1,0,7008,0.0
São Vicente Do Sul,RS,5,16908,8440,200.3317535545024
Sério,RS,1,2281,2281,100.0
Tabaí,RS,2,106,4131,2.565964657467925
Taipu,RN,1,2370,11836,20.02365664075701
Taió,SC,1,60,17265,0.3475238922675934
Tamandaré,PE,1,4,20745,0.01928175463967221
Tanabi,SP,2,0,24055,0.0
Tangará,SC,2,300,8674,3.4586119437399123
Tanhaçu,BA,1,11900,20022,59.434621915892514
Tapera,RS,1,36,10452,0.3444316877152698
Tapes,RS,1,3000,16649,18.019100246261036
Tapira,MG,2,108,4102,2.6328620185275478
Taquara,RS,2,26092,54656,47.738583138173304
Taquari,RS,1,25198,26135,96.41476946623303
Taquaruçu Do Sul,RS,1,3119,2970,105.016835016835
Tarauacá,AC,2,23277,35526,65.52102685357202
Tartarugalzinho,AP,2,229,12435,1.8415761962203459
Tatuí,SP,1,1500,107975,1.389210465385506
Tavares,RS,2,2362,5351,44.141282003363855
Tefé,AM,1,1110,61399,1.8078470333393053
Tenente Portela,RS,2,28213,13716,205.69407990667833
Teresópolis,RJ,1,80264,163805,48.99972528311102
Terra De Areia,RS,1,140,9878,1.4172909495849362
Teutônia,RS,2,361,27265,1.32404181184669
Teófilo Otoni,MG,2,27751,134733,20.597032649759154
Tigrinhos,SC,1,0,1757,0.0
Timbé Do Sul,SC,1,0,5308,0.0
Tio Hugo,RS,1,3267,2724,119.9339207048458
Tiradentes Do Sul,RS,1,6461,6461,100.0
Tobias Barreto,SE,1,0,48039,0.0
Tocantins,MG,1,8460,15839,53.41246290801187
Tomé-Açu,PA,2,18718,56514,33.120996567222285
Toropi,RS,1,11,2952,0.37262872628726285
Torres,RS,1,70,34646,0.20204352594816138
Touros,RN,2,2003,31076,6.445488479855838
Tramandaí,RS,1,6,41655,0.014404033129276198
Travesseiro,RS,1,2568,2314,110.97666378565253
Treze Tílias,SC,1,0,6342,0.0
Trindade Do Sul,RS,1,5787,5787,100.0
Triunfo,RS,1,27498,25811,106.53597303475262
Trizidela Do Vale,MA,1,1175,18951,6.200200517123107
Três Arroios,RS,1,2591,2855,90.75306479859894
Três Cachoeiras,RS,1,0,10239,0.0
Três Corações,MG,1,155,72796,0.21292378702126488
Três Coroas,RS,1,19323,23855,81.00188639698176
Três De Maio,RS,2,25626,23726,108.00809238809745
Três Forquilhas,RS,1,892,2912,30.631868131868135
Três Lagoas,MS,3,87,101722,0.08552722125007373
Três Palmeiras,RS,2,9333,4381,213.03355398310887
Três Passos,RS,1,25436,23973,106.10269886956158
Três Ranchos,GO,1,2060,2817,73.12744053958112
Tubarão,SC,1,0,97281,0.0
Tucumã,PA,2,15,33651,0.044575198359632695
Tucunduva,RS,1,5901,5901,100.0
Tucuruí,PA,1,170,97109,0.17506101391220177
Tumiritinga,MG,1,2530,6291,40.216181847083135
Tunas,RS,1,3681,4395,83.7542662116041
Tuntum,MA,1,427,39257,1.0877041037267239
Tupanciretã,RS,1,20005,22286,89.76487480929731
Tupandi,RS,1,5029,3919,128.32355192651187
Tuparendi,RS,1,8557,8557,100.0
Turilândia,MA,1,700,22850,3.063457330415755
Turmalina,MG,1,538,18046,2.981270087554029
Turuçu,RS,1,1400,3522,39.75014196479273
Turvo,SC,2,230,11854,1.9402733254597606
Tutóia,MA,1,5000,52711,9.48568609967559
Ubatuba,SP,1,1624,78870,2.0590845695448206
Ubaíra,BA,2,10000,19759,50.60984867655246
Uberaba,MG,1,337836,296000,114.13378378378378
Ubiretama,RS,1,2296,2296,100.0
Uirapuru,GO,1,1684,2935,57.37649063032369
Ulianópolis,PA,2,14413,43345,33.25181681854885
Umburatiba,MG,1,2024,2700,74.96296296296296
Unaí,MG,1,2,77590,0.002577651759247326
União Da Serra,RS,1,1080,1487,72.6294552790854
Uruana,GO,1,600,13821,4.341219882787064
Uruburetama,CE,7,12,19765,0.0607133822413357
Uruguaiana,RS,2,6693,125507,5.332770283729194
Urupema,SC,2,50,2482,2.0145044319097503
Urussanga,SC,3,315,20222,1.5577094253783008
Uruçuca,BA,2,13360,19840,67.33870967741935
Vacaria,RS,5,64827,61345,105.67609422120792
Vale Do Sol,RS,2,3517,11077,31.75047395504198
Vale Real,RS,1,6058,5121,118.29720757664519
Vale Verde,RS,2,3086,3253,94.86627728250845
Valença,BA,1,10,88729,0.011270272402483968
Vanini,RS,1,100,1984,5.040322580645161
Vargem,SC,2,0,2808,0.0
Vargem Alta,ES,3,13296,19141,69.4634554098532
Vargeão,SC,1,0,3535,0.0
Varre-Sai,RJ,1,263,9503,2.7675470903925077
Vassouras,RJ,4,0,34439,0.0
Venda Nova Do Imigrante,ES,2,8,20468,0.039085401602501464
Venha-Ver,RN,1,3014,3821,78.87987437843496
Venâncio Aires,RS,2,23647,65964,35.84834151961676
Vera Cruz,RS,2,53390,23986,222.5881764362545
Vera Mendes,PI,1,0,2987,0.0
Veranópolis,RS,1,23336,22815,102.28358536050844
Veríssimo,MG,1,200,3466,5.770340450086555
Vespasiano Correa,RS,1,1818,1974,92.09726443768997
Viadutos,RS,1,4769,5311,89.79476558086989
Viamão,RS,2,778,239234,0.3252046113846694
Viana,ES,1,0,64999,0.0
Vicente Dutra,RS,1,5285,5285,100.0
Victor Graeff,RS,2,3039,3036,100.09881422924903
Vila Flores,RS,1,200,3207,6.236357966947303
Vila Maria,RS,1,85,4221,2.0137408197109687
Vila Nova Do Sul,RS,2,263,4221,6.23075100687041
Vila Velha,ES,1,1505,414420,0.3631581487379953
Virgolândia,MG,1,1600,5659,28.273546562996998
Vista Alegre,RS,2,2832,2832,100.0
Vista Alegre Do Prata,RS,2,48,1569,3.0592734225621414
Vista Gaúcha,RS,1,2783,2759,100.86988039144617
Vitória,ES,3,49,325453,0.015055937416462592
Vitória Das Missões,RS,2,3615,3485,103.73027259684362
Vitória Do Mearim,MA,1,0,31234,0.0
Vitória Do Xingu,PA,1,2,13480,0.014836795252225518
Várzea Da Palma,MG,1,1500,35804,4.189476036197073
Várzea Grande,MT,1,0,252709,0.0
Várzea Paulista,SP,1,214,107146,0.19972747466074328
Wanderley,BA,2,7431,12485,59.51942330796957
Westfalia,RS,1,2793,2793,100.0
Xapuri,AC,1,14394,16016,89.87262737262736
Xavantina,SC,1,200,4142,4.828585224529213
Xinguara,PA,4,74731,40573,184.188992679861
Água Azul Do Norte,PA,1,3225,25061,12.86860061450062
Água Boa,MG,1,10,15193,0.0658197854274995
Água Boa,MT,1,4,20844,0.019190174630589137
Águas Formosas,MG,1,10864,18482,58.781517151823394
Águas Mornas,SC,1,3616,5546,65.20014424810674
Áurea,RS,1,3665,3665,100.0
Óbidos,PA,6,7371,49254,14.965282007552686
