month,precipitation_mm,station_file,latitude,longitude
2024-01,30.0,INMET_S_RS_A879_CANELA_01-01-2024_A_31-12-2024.CSV,-29.36888888,-50.82722221
2024-02,34.0,INMET_S_RS_A879_CANELA_01-01-2024_A_31-12-2024.CSV,-29.36888888,-50.82722221
2024-03,41.0,INMET_S_RS_A879_CANELA_01-01-2024_A_31-12-2024.CSV,-29.36888888,-50.82722221
2024-04,68.0,INMET_S_RS_A879_CANELA_01-01-2024_A_31-12-2024.CSV,-29.36888888,-50.82722221
2024-05,140.0,INMET_S_RS_A879_CANELA_01-01-2024_A_31-12-2024.CSV,-29.36888888,-50.82722221
2024-06,86.0,INMET_S_RS_A879_CANELA_01-01-2024_A_31-12-2024.CSV,-29.36888888,-50.82722221
2024-07,27.0,INMET_S_RS_A879_CANELA_01-01-2024_A_31-12-2024.CSV,-29.36888888,-50.82722221
2024-08,51.0,INMET_S_RS_A879_CANELA_01-01-2024_A_31-12-2024.CSV,-29.36888888,-50.82722221
2024-09,31.0,INMET_S_RS_A879_CANELA_01-01-2024_A_31-12-2024.CSV,-29.36888888,-50.82722221
2024-10,21.0,INMET_S_RS_A879_CANELA_01-01-2024_A_31-12-2024.CSV,-29.36888888,-50.82722221
2024-11,78.0,INMET_S_RS_A879_CANELA_01-01-2024_A_31-12-2024.CSV,-29.36888888,-50.82722221
2024-12,92.0,INMET_S_RS_A879_CANELA_01-01-2024_A_31-12-2024.CSV,-29.36888888,-50.82722221
2024-01,12.0,INMET_S_RS_A880_VACARIA_01-01-2024_A_31-12-2024.CSV,-28.51361111,-50.88277777
2024-02,13.0,INMET_S_RS_A880_VACARIA_01-01-2024_A_31-12-2024.CSV,-28.51361111,-50.88277777
2024-03,6.0,INMET_S_RS_A880_VACARIA_01-01-2024_A_31-12-2024.CSV,-28.51361111,-50.88277777
2024-04,20.0,INMET_S_RS_A880_VACARIA_01-01-2024_A_31-12-2024.CSV,-28.51361111,-50.88277777
2024-05,73.0,INMET_S_RS_A880_VACARIA_01-01-2024_A_31-12-2024.CSV,-28.51361111,-50.88277777
2024-06,60.0,INMET_S_RS_A880_VACARIA_01-01-2024_A_31-12-2024.CSV,-28.51361111,-50.88277777
2024-07,10.0,INMET_S_RS_A880_VACARIA_01-01-2024_A_31-12-2024.CSV,-28.51361111,-50.88277777
2024-08,17.0,INMET_S_RS_A880_VACARIA_01-01-2024_A_31-12-2024.CSV,-28.51361111,-50.88277777
2024-09,19.0,INMET_S_RS_A880_VACARIA_01-01-2024_A_31-12-2024.CSV,-28.51361111,-50.88277777
2024-10,18.0,INMET_S_RS_A880_VACARIA_01-01-2024_A_31-12-2024.CSV,-28.51361111,-50.88277777
2024-11,16.0,INMET_S_RS_A880_VACARIA_01-01-2024_A_31-12-2024.CSV,-28.51361111,-50.88277777
2024-12,38.0,INMET_S_RS_A880_VACARIA_01-01-2024_A_31-12-2024.CSV,-28.51361111,-50.88277777
2024-01,14.0,INMET_S_RS_A812_CACAPAVA DO SUL_01-01-2024_A_31-12-2024.CSV,-30.54527777,-53.46694443
2024-02,14.0,INMET_S_RS_A812_CACAPAVA DO SUL_01-01-2024_A_31-12-2024.CSV,-30.54527777,-53.46694443
2024-03,39.0,INMET_S_RS_A812_CACAPAVA DO SUL_01-01-2024_A_31-12-2024.CSV,-30.54527777,-53.46694443
2024-04,87.0,INMET_S_RS_A812_CACAPAVA DO SUL_01-01-2024_A_31-12-2024.CSV,-30.54527777,-53.46694443
2024-05,76.0,INMET_S_RS_A812_CACAPAVA DO SUL_01-01-2024_A_31-12-2024.CSV,-30.54527777,-53.46694443
2024-06,22.0,INMET_S_RS_A812_CACAPAVA DO SUL_01-01-2024_A_31-12-2024.CSV,-30.54527777,-53.46694443
2024-07,23.0,INMET_S_RS_A812_CACAPAVA DO SUL_01-01-2024_A_31-12-2024.CSV,-30.54527777,-53.46694443
2024-08,29.0,INMET_S_RS_A812_CACAPAVA DO SUL_01-01-2024_A_31-12-2024.CSV,-30.54527777,-53.46694443
2024-09,75.0,INMET_S_RS_A812_CACAPAVA DO SUL_01-01-2024_A_31-12-2024.CSV,-30.54527777,-53.46694443
2024-10,63.0,INMET_S_RS_A812_CACAPAVA DO SUL_01-01-2024_A_31-12-2024.CSV,-30.54527777,-53.46694443
2024-11,5.0,INMET_S_RS_A812_CACAPAVA DO SUL_01-01-2024_A_31-12-2024.CSV,-30.54527777,-53.46694443
2024-12,1.0,INMET_S_RS_A812_CACAPAVA DO SUL_01-01-2024_A_31-12-2024.CSV,-30.54527777,-53.46694443
2024-01,66.0,INMET_S_RS_A894_SERAFINA CORREA_01-01-2024_A_31-12-2024.CSV,-28.70472222,-51.87083332
2024-02,44.0,INMET_S_RS_A894_SERAFINA CORREA_01-01-2024_A_31-12-2024.CSV,-28.70472222,-51.87083332
2024-03,23.0,INMET_S_RS_A894_SERAFINA CORREA_01-01-2024_A_31-12-2024.CSV,-28.70472222,-51.87083332
2024-04,27.0,INMET_S_RS_A894_SERAFINA CORREA_01-01-2024_A_31-12-2024.CSV,-28.70472222,-51.87083332
2024-05,161.0,INMET_S_RS_A894_SERAFINA CORREA_01-01-2024_A_31-12-2024.CSV,-28.70472222,-51.87083332
2024-06,62.0,INMET_S_RS_A894_SERAFINA CORREA_01-01-2024_A_31-12-2024.CSV,-28.70472222,-51.87083332
2024-07,9.0,INMET_S_RS_A894_SERAFINA CORREA_01-01-2024_A_31-12-2024.CSV,-28.70472222,-51.87083332
2024-08,25.0,INMET_S_RS_A894_SERAFINA CORREA_01-01-2024_A_31-12-2024.CSV,-28.70472222,-51.87083332
2024-09,29.0,INMET_S_RS_A894_SERAFINA CORREA_01-01-2024_A_31-12-2024.CSV,-28.70472222,-51.87083332
2024-10,50.0,INMET_S_RS_A894_SERAFINA CORREA_01-01-2024_A_31-12-2024.CSV,-28.70472222,-51.87083332
2024-11,7.0,INMET_S_RS_A894_SERAFINA CORREA_01-01-2024_A_31-12-2024.CSV,-28.70472222,-51.87083332
2024-12,57.0,INMET_S_RS_A894_SERAFINA CORREA_01-01-2024_A_31-12-2024.CSV,-28.70472222,-51.87083332
2024-01,41.0,INMET_S_RS_A805_SANTO AUGUSTO_01-01-2024_A_31-12-2024.CSV,-27.85444444,-53.7911111
2024-02,12.0,INMET_S_RS_A805_SANTO AUGUSTO_01-01-2024_A_31-12-2024.CSV,-27.85444444,-53.7911111
2024-03,50.0,INMET_S_RS_A805_SANTO AUGUSTO_01-01-2024_A_31-12-2024.CSV,-27.85444444,-53.7911111
2024-04,41.0,INMET_S_RS_A805_SANTO AUGUSTO_01-01-2024_A_31-12-2024.CSV,-27.85444444,-53.7911111
2024-05,123.0,INMET_S_RS_A805_SANTO AUGUSTO_01-01-2024_A_31-12-2024.CSV,-27.85444444,-53.7911111
2024-06,61.0,INMET_S_RS_A805_SANTO AUGUSTO_01-01-2024_A_31-12-2024.CSV,-27.85444444,-53.7911111
2024-07,18.0,INMET_S_RS_A805_SANTO AUGUSTO_01-01-2024_A_31-12-2024.CSV,-27.85444444,-53.7911111
2024-08,13.0,INMET_S_RS_A805_SANTO AUGUSTO_01-01-2024_A_31-12-2024.CSV,-27.85444444,-53.7911111
2024-09,31.0,INMET_S_RS_A805_SANTO AUGUSTO_01-01-2024_A_31-12-2024.CSV,-27.85444444,-53.7911111
2024-10,20.0,INMET_S_RS_A805_SANTO AUGUSTO_01-01-2024_A_31-12-2024.CSV,-27.85444444,-53.7911111
2024-11,19.0,INMET_S_RS_A805_SANTO AUGUSTO_01-01-2024_A_31-12-2024.CSV,-27.85444444,-53.7911111
2024-12,25.0,INMET_S_RS_A805_SANTO AUGUSTO_01-01-2024_A_31-12-2024.CSV,-27.85444444,-53.7911111
2024-01,13.0,INMET_S_RS_A840_BENTO GONCALVES_01-01-2024_A_31-12-2024.CSV,-29.164581,-51.534202
2024-02,43.0,INMET_S_RS_A840_BENTO GONCALVES_01-01-2024_A_31-12-2024.CSV,-29.164581,-51.534202
2024-03,26.0,INMET_S_RS_A840_BENTO GONCALVES_01-01-2024_A_31-12-2024.CSV,-29.164581,-51.534202
2024-04,114.0,INMET_S_RS_A840_BENTO GONCALVES_01-01-2024_A_31-12-2024.CSV,-29.164581,-51.534202
2024-05,140.0,INMET_S_RS_A840_BENTO GONCALVES_01-01-2024_A_31-12-2024.CSV,-29.164581,-51.534202
2024-06,53.0,INMET_S_RS_A840_BENTO GONCALVES_01-01-2024_A_31-12-2024.CSV,-29.164581,-51.534202
2024-07,14.0,INMET_S_RS_A840_BENTO GONCALVES_01-01-2024_A_31-12-2024.CSV,-29.164581,-51.534202
2024-08,17.0,INMET_S_RS_A840_BENTO GONCALVES_01-01-2024_A_31-12-2024.CSV,-29.164581,-51.534202
2024-09,27.0,INMET_S_RS_A840_BENTO GONCALVES_01-01-2024_A_31-12-2024.CSV,-29.164581,-51.534202
2024-10,15.0,INMET_S_RS_A840_BENTO GONCALVES_01-01-2024_A_31-12-2024.CSV,-29.164581,-51.534202
2024-11,2.0,INMET_S_RS_A840_BENTO GONCALVES_01-01-2024_A_31-12-2024.CSV,-29.164581,-51.534202
2024-12,26.0,INMET_S_RS_A840_BENTO GONCALVES_01-01-2024_A_31-12-2024.CSV,-29.164581,-51.534202
2024-02,22.0,INMET_S_RS_A802_RIO GRANDE_01-01-2024_A_31-12-2024.CSV,-32.07888888,-52.16777777
2024-03,25.0,INMET_S_RS_A802_RIO GRANDE_01-01-2024_A_31-12-2024.CSV,-32.07888888,-52.16777777
2024-04,56.0,INMET_S_RS_A802_RIO GRANDE_01-01-2024_A_31-12-2024.CSV,-32.07888888,-52.16777777
2024-05,72.0,INMET_S_RS_A802_RIO GRANDE_01-01-2024_A_31-12-2024.CSV,-32.07888888,-52.16777777
2024-06,32.0,INMET_S_RS_A802_RIO GRANDE_01-01-2024_A_31-12-2024.CSV,-32.07888888,-52.16777777
2024-07,2.0,INMET_S_RS_A802_RIO GRANDE_01-01-2024_A_31-12-2024.CSV,-32.07888888,-52.16777777
2024-08,47.0,INMET_S_RS_A802_RIO GRANDE_01-01-2024_A_31-12-2024.CSV,-32.07888888,-52.16777777
2024-09,71.0,INMET_S_RS_A802_RIO GRANDE_01-01-2024_A_31-12-2024.CSV,-32.07888888,-52.16777777
2024-10,30.0,INMET_S_RS_A802_RIO GRANDE_01-01-2024_A_31-12-2024.CSV,-32.07888888,-52.16777777
2024-11,31.0,INMET_S_RS_A802_RIO GRANDE_01-01-2024_A_31-12-2024.CSV,-32.07888888,-52.16777777
2024-12,6.0,INMET_S_RS_A802_RIO GRANDE_01-01-2024_A_31-12-2024.CSV,-32.07888888,-52.16777777
2024-01,21.0,INMET_S_RS_A889_SAO VICENTE DO SUL_01-01-2024_A_31-12-2024.CSV,-29.70222222,-54.69444444
2024-02,25.0,INMET_S_RS_A889_SAO VICENTE DO SUL_01-01-2024_A_31-12-2024.CSV,-29.70222222,-54.69444444
2024-03,33.0,INMET_S_RS_A889_SAO VICENTE DO SUL_01-01-2024_A_31-12-2024.CSV,-29.70222222,-54.69444444
2024-04,22.0,INMET_S_RS_A889_SAO VICENTE DO SUL_01-01-2024_A_31-12-2024.CSV,-29.70222222,-54.69444444
2024-05,58.0,INMET_S_RS_A889_SAO VICENTE DO SUL_01-01-2024_A_31-12-2024.CSV,-29.70222222,-54.69444444
2024-06,19.0,INMET_S_RS_A889_SAO VICENTE DO SUL_01-01-2024_A_31-12-2024.CSV,-29.70222222,-54.69444444
2024-07,0.0,INMET_S_RS_A889_SAO VICENTE DO SUL_01-01-2024_A_31-12-2024.CSV,-29.70222222,-54.69444444
2024-08,41.0,INMET_S_RS_A889_SAO VICENTE DO SUL_01-01-2024_A_31-12-2024.CSV,-29.70222222,-54.69444444
2024-09,47.0,INMET_S_RS_A889_SAO VICENTE DO SUL_01-01-2024_A_31-12-2024.CSV,-29.70222222,-54.69444444
2024-10,33.0,INMET_S_RS_A889_SAO VICENTE DO SUL_01-01-2024_A_31-12-2024.CSV,-29.70222222,-54.69444444
2024-11,14.0,INMET_S_RS_A889_SAO VICENTE DO SUL_01-01-2024_A_31-12-2024.CSV,-29.70222222,-54.69444444
2024-12,2.0,INMET_S_RS_A889_SAO VICENTE DO SUL_01-01-2024_A_31-12-2024.CSV,-29.70222222,-54.69444444
2024-01,12.0,INMET_S_RS_A881_DOM PEDRITO_01-01-2024_A_31-12-2024.CSV,-31.0025,-54.61805554
2024-02,11.0,INMET_S_RS_A881_DOM PEDRITO_01-01-2024_A_31-12-2024.CSV,-31.0025,-54.61805554
2024-03,27.0,INMET_S_RS_A881_DOM PEDRITO_01-01-2024_A_31-12-2024.CSV,-31.0025,-54.61805554
2024-04,74.0,INMET_S_RS_A881_DOM PEDRITO_01-01-2024_A_31-12-2024.CSV,-31.0025,-54.61805554
2024-05,44.0,INMET_S_RS_A881_DOM PEDRITO_01-01-2024_A_31-12-2024.CSV,-31.0025,-54.61805554
2024-06,13.0,INMET_S_RS_A881_DOM PEDRITO_01-01-2024_A_31-12-2024.CSV,-31.0025,-54.61805554
2024-07,4.0,INMET_S_RS_A881_DOM PEDRITO_01-01-2024_A_31-12-2024.CSV,-31.0025,-54.61805554
2024-08,36.0,INMET_S_RS_A881_DOM PEDRITO_01-01-2024_A_31-12-2024.CSV,-31.0025,-54.61805554
2024-09,62.0,INMET_S_RS_A881_DOM PEDRITO_01-01-2024_A_31-12-2024.CSV,-31.0025,-54.61805554
2024-10,42.0,INMET_S_RS_A881_DOM PEDRITO_01-01-2024_A_31-12-2024.CSV,-31.0025,-54.61805554
2024-11,30.0,INMET_S_RS_A881_DOM PEDRITO_01-01-2024_A_31-12-2024.CSV,-31.0025,-54.61805554
2024-12,12.0,INMET_S_RS_A881_DOM PEDRITO_01-01-2024_A_31-12-2024.CSV,-31.0025,-54.61805554
2024-01,18.0,INMET_S_RS_A813_RIO PARDO_01-01-2024_A_31-12-2024.CSV,-29.87222221,-52.38194443
2024-02,14.0,INMET_S_RS_A813_RIO PARDO_01-01-2024_A_31-12-2024.CSV,-29.87222221,-52.38194443
2024-03,9.0,INMET_S_RS_A813_RIO PARDO_01-01-2024_A_31-12-2024.CSV,-29.87222221,-52.38194443
2024-04,86.0,INMET_S_RS_A813_RIO PARDO_01-01-2024_A_31-12-2024.CSV,-29.87222221,-52.38194443
2024-05,113.0,INMET_S_RS_A813_RIO PARDO_01-01-2024_A_31-12-2024.CSV,-29.87222221,-52.38194443
2024-06,77.0,INMET_S_RS_A813_RIO PARDO_01-01-2024_A_31-12-2024.CSV,-29.87222221,-52.38194443
2024-07,20.0,INMET_S_RS_A813_RIO PARDO_01-01-2024_A_31-12-2024.CSV,-29.87222221,-52.38194443
2024-08,18.0,INMET_S_RS_A813_RIO PARDO_01-01-2024_A_31-12-2024.CSV,-29.87222221,-52.38194443
2024-09,92.0,INMET_S_RS_A813_RIO PARDO_01-01-2024_A_31-12-2024.CSV,-29.87222221,-52.38194443
2024-10,18.0,INMET_S_RS_A813_RIO PARDO_01-01-2024_A_31-12-2024.CSV,-29.87222221,-52.38194443
2024-11,5.0,INMET_S_RS_A813_RIO PARDO_01-01-2024_A_31-12-2024.CSV,-29.87222221,-52.38194443
2024-12,16.0,INMET_S_RS_A813_RIO PARDO_01-01-2024_A_31-12-2024.CSV,-29.87222221,-52.38194443
2024-01,17.0,INMET_S_RS_A837_SOLEDADE_01-01-2024_A_31-12-2024.CSV,-28.859211,-52.542387
2024-02,48.0,INMET_S_RS_A837_SOLEDADE_01-01-2024_A_31-12-2024.CSV,-28.859211,-52.542387
2024-03,14.0,INMET_S_RS_A837_SOLEDADE_01-01-2024_A_31-12-2024.CSV,-28.859211,-52.542387
2024-04,29.0,INMET_S_RS_A837_SOLEDADE_01-01-2024_A_31-12-2024.CSV,-28.859211,-52.542387
2024-05,130.0,INMET_S_RS_A837_SOLEDADE_01-01-2024_A_31-12-2024.CSV,-28.859211,-52.542387
2024-06,60.0,INMET_S_RS_A837_SOLEDADE_01-01-2024_A_31-12-2024.CSV,-28.859211,-52.542387
2024-07,4.0,INMET_S_RS_A837_SOLEDADE_01-01-2024_A_31-12-2024.CSV,-28.859211,-52.542387
2024-08,4.0,INMET_S_RS_A837_SOLEDADE_01-01-2024_A_31-12-2024.CSV,-28.859211,-52.542387
2024-09,29.0,INMET_S_RS_A837_SOLEDADE_01-01-2024_A_31-12-2024.CSV,-28.859211,-52.542387
2024-10,22.0,INMET_S_RS_A837_SOLEDADE_01-01-2024_A_31-12-2024.CSV,-28.859211,-52.542387
2024-11,9.0,INMET_S_RS_A837_SOLEDADE_01-01-2024_A_31-12-2024.CSV,-28.859211,-52.542387
2024-12,30.0,INMET_S_RS_A837_SOLEDADE_01-01-2024_A_31-12-2024.CSV,-28.859211,-52.542387
2024-01,11.0,INMET_S_RS_A844_LAGOA VERMELHA_01-01-2024_A_31-12-2024.CSV,-28.222381,-51.512845
2024-02,30.0,INMET_S_RS_A844_LAGOA VERMELHA_01-01-2024_A_31-12-2024.CSV,-28.222381,-51.512845
2024-03,18.0,INMET_S_RS_A844_LAGOA VERMELHA_01-01-2024_A_31-12-2024.CSV,-28.222381,-51.512845
2024-04,11.0,INMET_S_RS_A844_LAGOA VERMELHA_01-01-2024_A_31-12-2024.CSV,-28.222381,-51.512845
2024-05,37.0,INMET_S_RS_A844_LAGOA VERMELHA_01-01-2024_A_31-12-2024.CSV,-28.222381,-51.512845
2024-06,25.0,INMET_S_RS_A844_LAGOA VERMELHA_01-01-2024_A_31-12-2024.CSV,-28.222381,-51.512845
2024-07,30.0,INMET_S_RS_A844_LAGOA VERMELHA_01-01-2024_A_31-12-2024.CSV,-28.222381,-51.512845
2024-08,17.0,INMET_S_RS_A844_LAGOA VERMELHA_01-01-2024_A_31-12-2024.CSV,-28.222381,-51.512845
2024-09,16.0,INMET_S_RS_A844_LAGOA VERMELHA_01-01-2024_A_31-12-2024.CSV,-28.222381,-51.512845
2024-10,41.0,INMET_S_RS_A844_LAGOA VERMELHA_01-01-2024_A_31-12-2024.CSV,-28.222381,-51.512845
2024-11,15.0,INMET_S_RS_A844_LAGOA VERMELHA_01-01-2024_A_31-12-2024.CSV,-28.222381,-51.512845
2024-12,39.0,INMET_S_RS_A844_LAGOA VERMELHA_01-01-2024_A_31-12-2024.CSV,-28.222381,-51.512845
2024-01,3.0,INMET_S_RS_A836_JAGUARAO_01-01-2024_A_31-12-2024.CSV,-32.53472221,-53.37583332
2024-02,11.0,INMET_S_RS_A836_JAGUARAO_01-01-2024_A_31-12-2024.CSV,-32.53472221,-53.37583332
2024-03,76.0,INMET_S_RS_A836_JAGUARAO_01-01-2024_A_31-12-2024.CSV,-32.53472221,-53.37583332
2024-04,34.0,INMET_S_RS_A836_JAGUARAO_01-01-2024_A_31-12-2024.CSV,-32.53472221,-53.37583332
2024-05,110.0,INMET_S_RS_A836_JAGUARAO_01-01-2024_A_31-12-2024.CSV,-32.53472221,-53.37583332
2024-06,25.0,INMET_S_RS_A836_JAGUARAO_01-01-2024_A_31-12-2024.CSV,-32.53472221,-53.37583332
2024-07,5.0,INMET_S_RS_A836_JAGUARAO_01-01-2024_A_31-12-2024.CSV,-32.53472221,-53.37583332
2024-08,35.0,INMET_S_RS_A836_JAGUARAO_01-01-2024_A_31-12-2024.CSV,-32.53472221,-53.37583332
2024-09,36.0,INMET_S_RS_A836_JAGUARAO_01-01-2024_A_31-12-2024.CSV,-32.53472221,-53.37583332
2024-10,21.0,INMET_S_RS_A836_JAGUARAO_01-01-2024_A_31-12-2024.CSV,-32.53472221,-53.37583332
2024-11,39.0,INMET_S_RS_A836_JAGUARAO_01-01-2024_A_31-12-2024.CSV,-32.53472221,-53.37583332
2024-12,22.0,INMET_S_RS_A836_JAGUARAO_01-01-2024_A_31-12-2024.CSV,-32.53472221,-53.37583332
2024-01,10.0,INMET_S_RS_A803_SANTA MARIA_01-01-2024_A_31-12-2024.CSV,-29.72499999,-53.72055554
2024-02,12.0,INMET_S_RS_A803_SANTA MARIA_01-01-2024_A_31-12-2024.CSV,-29.72499999,-53.72055554
2024-03,9.0,INMET_S_RS_A803_SANTA MARIA_01-01-2024_A_31-12-2024.CSV,-29.72499999,-53.72055554
2024-04,152.0,INMET_S_RS_A803_SANTA MARIA_01-01-2024_A_31-12-2024.CSV,-29.72499999,-53.72055554
2024-05,101.0,INMET_S_RS_A803_SANTA MARIA_01-01-2024_A_31-12-2024.CSV,-29.72499999,-53.72055554
2024-06,23.0,INMET_S_RS_A803_SANTA MARIA_01-01-2024_A_31-12-2024.CSV,-29.72499999,-53.72055554
2024-07,7.0,INMET_S_RS_A803_SANTA MARIA_01-01-2024_A_31-12-2024.CSV,-29.72499999,-53.72055554
2024-08,27.0,INMET_S_RS_A803_SANTA MARIA_01-01-2024_A_31-12-2024.CSV,-29.72499999,-53.72055554
2024-09,24.0,INMET_S_RS_A803_SANTA MARIA_01-01-2024_A_31-12-2024.CSV,-29.72499999,-53.72055554
2024-10,14.0,INMET_S_RS_A803_SANTA MARIA_01-01-2024_A_31-12-2024.CSV,-29.72499999,-53.72055554
2024-11,20.0,INMET_S_RS_A803_SANTA MARIA_01-01-2024_A_31-12-2024.CSV,-29.72499999,-53.72055554
2024-12,26.0,INMET_S_RS_A803_SANTA MARIA_01-01-2024_A_31-12-2024.CSV,-29.72499999,-53.72055554
2024-01,43.0,INMET_S_RS_A804_SANTANA DO LIVRAMENTO_01-01-2024_A_31-12-2024.CSV,-30.75055555,-55.40138888
2024-02,38.0,INMET_S_RS_A804_SANTANA DO LIVRAMENTO_01-01-2024_A_31-12-2024.CSV,-30.75055555,-55.40138888
2024-03,48.0,INMET_S_RS_A804_SANTANA DO LIVRAMENTO_01-01-2024_A_31-12-2024.CSV,-30.75055555,-55.40138888
2024-04,23.0,INMET_S_RS_A804_SANTANA DO LIVRAMENTO_01-01-2024_A_31-12-2024.CSV,-30.75055555,-55.40138888
2024-05,10.0,INMET_S_RS_A804_SANTANA DO LIVRAMENTO_01-01-2024_A_31-12-2024.CSV,-30.75055555,-55.40138888
2024-06,2.0,INMET_S_RS_A804_SANTANA DO LIVRAMENTO_01-01-2024_A_31-12-2024.CSV,-30.75055555,-55.40138888
2024-07,6.0,INMET_S_RS_A804_SANTANA DO LIVRAMENTO_01-01-2024_A_31-12-2024.CSV,-30.75055555,-55.40138888
2024-08,1.0,INMET_S_RS_A804_SANTANA DO LIVRAMENTO_01-01-2024_A_31-12-2024.CSV,-30.75055555,-55.40138888
2024-09,51.0,INMET_S_RS_A804_SANTANA DO LIVRAMENTO_01-01-2024_A_31-12-2024.CSV,-30.75055555,-55.40138888
2024-10,61.0,INMET_S_RS_A804_SANTANA DO LIVRAMENTO_01-01-2024_A_31-12-2024.CSV,-30.75055555,-55.40138888
2024-11,35.0,INMET_S_RS_A804_SANTANA DO LIVRAMENTO_01-01-2024_A_31-12-2024.CSV,-30.75055555,-55.40138888
2024-12,0.0,INMET_S_RS_A804_SANTANA DO LIVRAMENTO_01-01-2024_A_31-12-2024.CSV,-30.75055555,-55.40138888
2024-01,43.0,INMET_S_RS_A883_IBIRUBA_01-01-2024_A_31-12-2024.CSV,-28.65333333,-53.11194444
2024-02,38.0,INMET_S_RS_A883_IBIRUBA_01-01-2024_A_31-12-2024.CSV,-28.65333333,-53.11194444
2024-03,92.0,INMET_S_RS_A883_IBIRUBA_01-01-2024_A_31-12-2024.CSV,-28.65333333,-53.11194444
2024-04,40.0,INMET_S_RS_A883_IBIRUBA_01-01-2024_A_31-12-2024.CSV,-28.65333333,-53.11194444
2024-05,144.0,INMET_S_RS_A883_IBIRUBA_01-01-2024_A_31-12-2024.CSV,-28.65333333,-53.11194444
2024-06,24.0,INMET_S_RS_A883_IBIRUBA_01-01-2024_A_31-12-2024.CSV,-28.65333333,-53.11194444
2024-07,11.0,INMET_S_RS_A883_IBIRUBA_01-01-2024_A_31-12-2024.CSV,-28.65333333,-53.11194444
2024-08,8.0,INMET_S_RS_A883_IBIRUBA_01-01-2024_A_31-12-2024.CSV,-28.65333333,-53.11194444
2024-09,38.0,INMET_S_RS_A883_IBIRUBA_01-01-2024_A_31-12-2024.CSV,-28.65333333,-53.11194444
2024-10,41.0,INMET_S_RS_A883_IBIRUBA_01-01-2024_A_31-12-2024.CSV,-28.65333333,-53.11194444
2024-11,0.0,INMET_S_RS_A883_IBIRUBA_01-01-2024_A_31-12-2024.CSV,-28.65333333,-53.11194444
2024-12,6.0,INMET_S_RS_A883_IBIRUBA_01-01-2024_A_31-12-2024.CSV,-28.65333333,-53.11194444
2024-01,26.0,INMET_S_RS_A899_Santa Vitoria do Palmar - Barra do Chui_01-01-2024_A_31-12-2024.CSV,-33.74222221,-53.37222221
2024-02,5.0,INMET_S_RS_A899_Santa Vitoria do Palmar - Barra do Chui_01-01-2024_A_31-12-2024.CSV,-33.74222221,-53.37222221
2024-03,22.0,INMET_S_RS_A899_Santa Vitoria do Palmar - Barra do Chui_01-01-2024_A_31-12-2024.CSV,-33.74222221,-53.37222221
2024-04,8.0,INMET_S_RS_A899_Santa Vitoria do Palmar - Barra do Chui_01-01-2024_A_31-12-2024.CSV,-33.74222221,-53.37222221
2024-05,121.0,INMET_S_RS_A899_Santa Vitoria do Palmar - Barra do Chui_01-01-2024_A_31-12-2024.CSV,-33.74222221,-53.37222221
2024-06,29.0,INMET_S_RS_A899_Santa Vitoria do Palmar - Barra do Chui_01-01-2024_A_31-12-2024.CSV,-33.74222221,-53.37222221
2024-07,0.0,INMET_S_RS_A899_Santa Vitoria do Palmar - Barra do Chui_01-01-2024_A_31-12-2024.CSV,-33.74222221,-53.37222221
2024-08,28.0,INMET_S_RS_A899_Santa Vitoria do Palmar - Barra do Chui_01-01-2024_A_31-12-2024.CSV,-33.74222221,-53.37222221
2024-09,8.0,INMET_S_RS_A899_Santa Vitoria do Palmar - Barra do Chui_01-01-2024_A_31-12-2024.CSV,-33.74222221,-53.37222221
2024-10,31.0,INMET_S_RS_A899_Santa Vitoria do Palmar - Barra do Chui_01-01-2024_A_31-12-2024.CSV,-33.74222221,-53.37222221
2024-11,6.0,INMET_S_RS_A899_Santa Vitoria do Palmar - Barra do Chui_01-01-2024_A_31-12-2024.CSV,-33.74222221,-53.37222221
2024-12,15.0,INMET_S_RS_A899_Santa Vitoria do Palmar - Barra do Chui_01-01-2024_A_31-12-2024.CSV,-33.74222221,-53.37222221
2024-01,5.0,INMET_S_RS_A878_MOSTARDAS_01-01-2024_A_31-12-2024.CSV,-31.24833333,-50.90638888
2024-02,6.0,INMET_S_RS_A878_MOSTARDAS_01-01-2024_A_31-12-2024.CSV,-31.24833333,-50.90638888
2024-03,0.0,INMET_S_RS_A878_MOSTARDAS_01-01-2024_A_31-12-2024.CSV,-31.24833333,-50.90638888
2024-04,0.0,INMET_S_RS_A878_MOSTARDAS_01-01-2024_A_31-12-2024.CSV,-31.24833333,-50.90638888
2024-01,34.0,INMET_S_RS_A856_PALMEIRA DAS MISSOES_01-01-2024_A_31-12-2024.CSV,-27.92027777,-53.31805554
2024-02,32.0,INMET_S_RS_A856_PALMEIRA DAS MISSOES_01-01-2024_A_31-12-2024.CSV,-27.92027777,-53.31805554
2024-03,44.0,INMET_S_RS_A856_PALMEIRA DAS MISSOES_01-01-2024_A_31-12-2024.CSV,-27.92027777,-53.31805554
2024-04,42.0,INMET_S_RS_A856_PALMEIRA DAS MISSOES_01-01-2024_A_31-12-2024.CSV,-27.92027777,-53.31805554
2024-05,81.0,INMET_S_RS_A856_PALMEIRA DAS MISSOES_01-01-2024_A_31-12-2024.CSV,-27.92027777,-53.31805554
2024-06,44.0,INMET_S_RS_A856_PALMEIRA DAS MISSOES_01-01-2024_A_31-12-2024.CSV,-27.92027777,-53.31805554
2024-07,5.0,INMET_S_RS_A856_PALMEIRA DAS MISSOES_01-01-2024_A_31-12-2024.CSV,-27.92027777,-53.31805554
2024-08,16.0,INMET_S_RS_A856_PALMEIRA DAS MISSOES_01-01-2024_A_31-12-2024.CSV,-27.92027777,-53.31805554
2024-09,23.0,INMET_S_RS_A856_PALMEIRA DAS MISSOES_01-01-2024_A_31-12-2024.CSV,-27.92027777,-53.31805554
2024-10,64.0,INMET_S_RS_A856_PALMEIRA DAS MISSOES_01-01-2024_A_31-12-2024.CSV,-27.92027777,-53.31805554
2024-11,10.0,INMET_S_RS_A856_PALMEIRA DAS MISSOES_01-01-2024_A_31-12-2024.CSV,-27.92027777,-53.31805554
2024-12,74.0,INMET_S_RS_A856_PALMEIRA DAS MISSOES_01-01-2024_A_31-12-2024.CSV,-27.92027777,-53.31805554
2024-01,10.0,INMET_S_RS_A833_SANTIAGO_01-01-2024_A_31-12-2024.CSV,-29.191599,-54.885653
2024-02,89.0,INMET_S_RS_A833_SANTIAGO_01-01-2024_A_31-12-2024.CSV,-29.191599,-54.885653
2024-03,58.0,INMET_S_RS_A833_SANTIAGO_01-01-2024_A_31-12-2024.CSV,-29.191599,-54.885653
2024-04,45.0,INMET_S_RS_A833_SANTIAGO_01-01-2024_A_31-12-2024.CSV,-29.191599,-54.885653
2024-05,42.0,INMET_S_RS_A833_SANTIAGO_01-01-2024_A_31-12-2024.CSV,-29.191599,-54.885653
2024-06,66.0,INMET_S_RS_A833_SANTIAGO_01-01-2024_A_31-12-2024.CSV,-29.191599,-54.885653
2024-07,3.0,INMET_S_RS_A833_SANTIAGO_01-01-2024_A_31-12-2024.CSV,-29.191599,-54.885653
2024-08,32.0,INMET_S_RS_A833_SANTIAGO_01-01-2024_A_31-12-2024.CSV,-29.191599,-54.885653
2024-09,23.0,INMET_S_RS_A833_SANTIAGO_01-01-2024_A_31-12-2024.CSV,-29.191599,-54.885653
2024-10,12.0,INMET_S_RS_A833_SANTIAGO_01-01-2024_A_31-12-2024.CSV,-29.191599,-54.885653
2024-11,33.0,INMET_S_RS_A833_SANTIAGO_01-01-2024_A_31-12-2024.CSV,-29.191599,-54.885653
2024-12,31.0,INMET_S_RS_A833_SANTIAGO_01-01-2024_A_31-12-2024.CSV,-29.191599,-54.885653
2024-01,9.0,INMET_S_RS_A893_ENCRUZILHADA DO SUL_01-01-2024_A_31-12-2024.CSV,-30.54305555,-52.52472221
2024-02,16.0,INMET_S_RS_A893_ENCRUZILHADA DO SUL_01-01-2024_A_31-12-2024.CSV,-30.54305555,-52.52472221
2024-03,17.0,INMET_S_RS_A893_ENCRUZILHADA DO SUL_01-01-2024_A_31-12-2024.CSV,-30.54305555,-52.52472221
2024-04,11.0,INMET_S_RS_A893_ENCRUZILHADA DO SUL_01-01-2024_A_31-12-2024.CSV,-30.54305555,-52.52472221
2024-05,0.0,INMET_S_RS_A893_ENCRUZILHADA DO SUL_01-01-2024_A_31-12-2024.CSV,-30.54305555,-52.52472221
2024-06,19.0,INMET_S_RS_A893_ENCRUZILHADA DO SUL_01-01-2024_A_31-12-2024.CSV,-30.54305555,-52.52472221
2024-07,16.0,INMET_S_RS_A893_ENCRUZILHADA DO SUL_01-01-2024_A_31-12-2024.CSV,-30.54305555,-52.52472221
2024-08,22.0,INMET_S_RS_A893_ENCRUZILHADA DO SUL_01-01-2024_A_31-12-2024.CSV,-30.54305555,-52.52472221
2024-09,63.0,INMET_S_RS_A893_ENCRUZILHADA DO SUL_01-01-2024_A_31-12-2024.CSV,-30.54305555,-52.52472221
2024-10,13.0,INMET_S_RS_A893_ENCRUZILHADA DO SUL_01-01-2024_A_31-12-2024.CSV,-30.54305555,-52.52472221
2024-11,7.0,INMET_S_RS_A893_ENCRUZILHADA DO SUL_01-01-2024_A_31-12-2024.CSV,-30.54305555,-52.52472221
2024-12,15.0,INMET_S_RS_A893_ENCRUZILHADA DO SUL_01-01-2024_A_31-12-2024.CSV,-30.54305555,-52.52472221
2024-01,2.0,INMET_S_RS_A831_QUARAI_01-01-2024_A_31-12-2024.CSV,-30.368578,-56.437115
2024-02,2.0,INMET_S_RS_A831_QUARAI_01-01-2024_A_31-12-2024.CSV,-30.368578,-56.437115
2024-03,36.0,INMET_S_RS_A831_QUARAI_01-01-2024_A_31-12-2024.CSV,-30.368578,-56.437115
2024-04,82.0,INMET_S_RS_A831_QUARAI_01-01-2024_A_31-12-2024.CSV,-30.368578,-56.437115
2024-05,18.0,INMET_S_RS_A831_QUARAI_01-01-2024_A_31-12-2024.CSV,-30.368578,-56.437115
2024-06,3.0,INMET_S_RS_A831_QUARAI_01-01-2024_A_31-12-2024.CSV,-30.368578,-56.437115
2024-07,1.0,INMET_S_RS_A831_QUARAI_01-01-2024_A_31-12-2024.CSV,-30.368578,-56.437115
2024-08,46.0,INMET_S_RS_A831_QUARAI_01-01-2024_A_31-12-2024.CSV,-30.368578,-56.437115
2024-09,31.0,INMET_S_RS_A831_QUARAI_01-01-2024_A_31-12-2024.CSV,-30.368578,-56.437115
2024-10,27.0,INMET_S_RS_A831_QUARAI_01-01-2024_A_31-12-2024.CSV,-30.368578,-56.437115
2024-11,32.0,INMET_S_RS_A831_QUARAI_01-01-2024_A_31-12-2024.CSV,-30.368578,-56.437115
2024-12,17.0,INMET_S_RS_A831_QUARAI_01-01-2024_A_31-12-2024.CSV,-30.368578,-56.437115
2024-01,43.0,INMET_S_RS_B807_PORTO ALEGRE- BELEM NOVO_01-01-2024_A_31-12-2024.CSV,-30.1861111,-51.17805554
2024-02,22.0,INMET_S_RS_B807_PORTO ALEGRE- BELEM NOVO_01-01-2024_A_31-12-2024.CSV,-30.1861111,-51.17805554
2024-03,55.0,INMET_S_RS_B807_PORTO ALEGRE- BELEM NOVO_01-01-2024_A_31-12-2024.CSV,-30.1861111,-51.17805554
2024-04,29.0,INMET_S_RS_B807_PORTO ALEGRE- BELEM NOVO_01-01-2024_A_31-12-2024.CSV,-30.1861111,-51.17805554
2024-05,73.0,INMET_S_RS_B807_PORTO ALEGRE- BELEM NOVO_01-01-2024_A_31-12-2024.CSV,-30.1861111,-51.17805554
2024-06,21.0,INMET_S_RS_B807_PORTO ALEGRE- BELEM NOVO_01-01-2024_A_31-12-2024.CSV,-30.1861111,-51.17805554
2024-07,19.0,INMET_S_RS_B807_PORTO ALEGRE- BELEM NOVO_01-01-2024_A_31-12-2024.CSV,-30.1861111,-51.17805554
2024-08,3.0,INMET_S_RS_B807_PORTO ALEGRE- BELEM NOVO_01-01-2024_A_31-12-2024.CSV,-30.1861111,-51.17805554
2024-09,28.0,INMET_S_RS_B807_PORTO ALEGRE- BELEM NOVO_01-01-2024_A_31-12-2024.CSV,-30.1861111,-51.17805554
2024-10,16.0,INMET_S_RS_B807_PORTO ALEGRE- BELEM NOVO_01-01-2024_A_31-12-2024.CSV,-30.1861111,-51.17805554
2024-11,20.0,INMET_S_RS_B807_PORTO ALEGRE- BELEM NOVO_01-01-2024_A_31-12-2024.CSV,-30.1861111,-51.17805554
2024-12,47.0,INMET_S_RS_B807_PORTO ALEGRE- BELEM NOVO_01-01-2024_A_31-12-2024.CSV,-30.1861111,-51.17805554
2024-01,17.0,INMET_S_RS_A828_ERECHIM_01-01-2024_A_31-12-2024.CSV,-27.65777777,-52.30583333
2024-02,15.0,INMET_S_RS_A828_ERECHIM_01-01-2024_A_31-12-2024.CSV,-27.65777777,-52.30583333
2024-03,15.0,INMET_S_RS_A828_ERECHIM_01-01-2024_A_31-12-2024.CSV,-27.65777777,-52.30583333
2024-04,34.0,INMET_S_RS_A828_ERECHIM_01-01-2024_A_31-12-2024.CSV,-27.65777777,-52.30583333
2024-05,77.0,INMET_S_RS_A828_ERECHIM_01-01-2024_A_31-12-2024.CSV,-27.65777777,-52.30583333
2024-06,75.0,INMET_S_RS_A828_ERECHIM_01-01-2024_A_31-12-2024.CSV,-27.65777777,-52.30583333
2024-07,28.0,INMET_S_RS_A828_ERECHIM_01-01-2024_A_31-12-2024.CSV,-27.65777777,-52.30583333
2024-08,21.0,INMET_S_RS_A828_ERECHIM_01-01-2024_A_31-12-2024.CSV,-27.65777777,-52.30583333
2024-09,39.0,INMET_S_RS_A828_ERECHIM_01-01-2024_A_31-12-2024.CSV,-27.65777777,-52.30583333
2024-10,18.0,INMET_S_RS_A828_ERECHIM_01-01-2024_A_31-12-2024.CSV,-27.65777777,-52.30583333
2024-11,12.0,INMET_S_RS_A828_ERECHIM_01-01-2024_A_31-12-2024.CSV,-27.65777777,-52.30583333
2024-12,23.0,INMET_S_RS_A828_ERECHIM_01-01-2024_A_31-12-2024.CSV,-27.65777777,-52.30583333
2024-01,25.0,INMET_S_RS_A854_FREDERICO WESTPHALEN_01-01-2024_A_31-12-2024.CSV,-27.39555555,-53.42944443
2024-02,12.0,INMET_S_RS_A854_FREDERICO WESTPHALEN_01-01-2024_A_31-12-2024.CSV,-27.39555555,-53.42944443
2024-03,21.0,INMET_S_RS_A854_FREDERICO WESTPHALEN_01-01-2024_A_31-12-2024.CSV,-27.39555555,-53.42944443
2024-04,25.0,INMET_S_RS_A854_FREDERICO WESTPHALEN_01-01-2024_A_31-12-2024.CSV,-27.39555555,-53.42944443
2024-05,18.0,INMET_S_RS_A854_FREDERICO WESTPHALEN_01-01-2024_A_31-12-2024.CSV,-27.39555555,-53.42944443
2024-06,17.0,INMET_S_RS_A854_FREDERICO WESTPHALEN_01-01-2024_A_31-12-2024.CSV,-27.39555555,-53.42944443
2024-07,29.0,INMET_S_RS_A854_FREDERICO WESTPHALEN_01-01-2024_A_31-12-2024.CSV,-27.39555555,-53.42944443
2024-08,25.0,INMET_S_RS_A854_FREDERICO WESTPHALEN_01-01-2024_A_31-12-2024.CSV,-27.39555555,-53.42944443
2024-09,13.0,INMET_S_RS_A854_FREDERICO WESTPHALEN_01-01-2024_A_31-12-2024.CSV,-27.39555555,-53.42944443
2024-10,60.0,INMET_S_RS_A854_FREDERICO WESTPHALEN_01-01-2024_A_31-12-2024.CSV,-27.39555555,-53.42944443
2024-11,17.0,INMET_S_RS_A854_FREDERICO WESTPHALEN_01-01-2024_A_31-12-2024.CSV,-27.39555555,-53.42944443
2024-12,32.0,INMET_S_RS_A854_FREDERICO WESTPHALEN_01-01-2024_A_31-12-2024.CSV,-27.39555555,-53.42944443
2024-01,37.0,INMET_S_RS_A830_SAO BORJA_01-01-2024_A_31-12-2024.CSV,-28.65,-56.01638888
2024-02,15.0,INMET_S_RS_A830_SAO BORJA_01-01-2024_A_31-12-2024.CSV,-28.65,-56.01638888
2024-03,5.0,INMET_S_RS_A830_SAO BORJA_01-01-2024_A_31-12-2024.CSV,-28.65,-56.01638888
2024-04,29.0,INMET_S_RS_A830_SAO BORJA_01-01-2024_A_31-12-2024.CSV,-28.65,-56.01638888
2024-05,40.0,INMET_S_RS_A830_SAO BORJA_01-01-2024_A_31-12-2024.CSV,-28.65,-56.01638888
2024-06,27.0,INMET_S_RS_A830_SAO BORJA_01-01-2024_A_31-12-2024.CSV,-28.65,-56.01638888
2024-07,5.0,INMET_S_RS_A830_SAO BORJA_01-01-2024_A_31-12-2024.CSV,-28.65,-56.01638888
2024-08,29.0,INMET_S_RS_A830_SAO BORJA_01-01-2024_A_31-12-2024.CSV,-28.65,-56.01638888
2024-09,13.0,INMET_S_RS_A830_SAO BORJA_01-01-2024_A_31-12-2024.CSV,-28.65,-56.01638888
2024-10,24.0,INMET_S_RS_A830_SAO BORJA_01-01-2024_A_31-12-2024.CSV,-28.65,-56.01638888
2024-11,8.0,INMET_S_RS_A830_SAO BORJA_01-01-2024_A_31-12-2024.CSV,-28.65,-56.01638888
2024-12,18.0,INMET_S_RS_A830_SAO BORJA_01-01-2024_A_31-12-2024.CSV,-28.65,-56.01638888
2024-01,14.0,INMET_S_RS_A801_PORTO ALEGRE - JARDIM BOTANICO_01-01-2024_A_31-12-2024.CSV,-30.05361111,-51.17472221
2024-02,24.0,INMET_S_RS_A801_PORTO ALEGRE - JARDIM BOTANICO_01-01-2024_A_31-12-2024.CSV,-30.05361111,-51.17472221
2024-03,8.0,INMET_S_RS_A801_PORTO ALEGRE - JARDIM BOTANICO_01-01-2024_A_31-12-2024.CSV,-30.05361111,-51.17472221
2024-04,42.0,INMET_S_RS_A801_PORTO ALEGRE - JARDIM BOTANICO_01-01-2024_A_31-12-2024.CSV,-30.05361111,-51.17472221
2024-05,75.0,INMET_S_RS_A801_PORTO ALEGRE - JARDIM BOTANICO_01-01-2024_A_31-12-2024.CSV,-30.05361111,-51.17472221
2024-06,12.0,INMET_S_RS_A801_PORTO ALEGRE - JARDIM BOTANICO_01-01-2024_A_31-12-2024.CSV,-30.05361111,-51.17472221
2024-07,21.0,INMET_S_RS_A801_PORTO ALEGRE - JARDIM BOTANICO_01-01-2024_A_31-12-2024.CSV,-30.05361111,-51.17472221
2024-08,10.0,INMET_S_RS_A801_PORTO ALEGRE - JARDIM BOTANICO_01-01-2024_A_31-12-2024.CSV,-30.05361111,-51.17472221
2024-09,35.0,INMET_S_RS_A801_PORTO ALEGRE - JARDIM BOTANICO_01-01-2024_A_31-12-2024.CSV,-30.05361111,-51.17472221
2024-10,12.0,INMET_S_RS_A801_PORTO ALEGRE - JARDIM BOTANICO_01-01-2024_A_31-12-2024.CSV,-30.05361111,-51.17472221
2024-11,13.0,INMET_S_RS_A801_PORTO ALEGRE - JARDIM BOTANICO_01-01-2024_A_31-12-2024.CSV,-30.05361111,-51.17472221
2024-12,81.0,INMET_S_RS_A801_PORTO ALEGRE - JARDIM BOTANICO_01-01-2024_A_31-12-2024.CSV,-30.05361111,-51.17472221
2024-01,24.0,INMET_S_RS_A838_CAMAQUA_01-01-2024_A_31-12-2024.CSV,-30.80805555,-51.83416666
2024-02,10.0,INMET_S_RS_A838_CAMAQUA_01-01-2024_A_31-12-2024.CSV,-30.80805555,-51.83416666
2024-03,7.0,INMET_S_RS_A838_CAMAQUA_01-01-2024_A_31-12-2024.CSV,-30.80805555,-51.83416666
2024-04,51.0,INMET_S_RS_A838_CAMAQUA_01-01-2024_A_31-12-2024.CSV,-30.80805555,-51.83416666
2024-05,51.0,INMET_S_RS_A838_CAMAQUA_01-01-2024_A_31-12-2024.CSV,-30.80805555,-51.83416666
2024-06,31.0,INMET_S_RS_A838_CAMAQUA_01-01-2024_A_31-12-2024.CSV,-30.80805555,-51.83416666
2024-07,20.0,INMET_S_RS_A838_CAMAQUA_01-01-2024_A_31-12-2024.CSV,-30.80805555,-51.83416666
2024-08,15.0,INMET_S_RS_A838_CAMAQUA_01-01-2024_A_31-12-2024.CSV,-30.80805555,-51.83416666
2024-09,84.0,INMET_S_RS_A838_CAMAQUA_01-01-2024_A_31-12-2024.CSV,-30.80805555,-51.83416666
2024-10,15.0,INMET_S_RS_A838_CAMAQUA_01-01-2024_A_31-12-2024.CSV,-30.80805555,-51.83416666
2024-11,6.0,INMET_S_RS_A838_CAMAQUA_01-01-2024_A_31-12-2024.CSV,-30.80805555,-51.83416666
2024-12,28.0,INMET_S_RS_A838_CAMAQUA_01-01-2024_A_31-12-2024.CSV,-30.80805555,-51.83416666
2024-01,34.0,INMET_S_RS_A834_TRAMANDAI_01-01-2024_A_31-12-2024.CSV,-30.01027777,-50.13583333
2024-02,6.0,INMET_S_RS_A834_TRAMANDAI_01-01-2024_A_31-12-2024.CSV,-30.01027777,-50.13583333
2024-03,34.0,INMET_S_RS_A834_TRAMANDAI_01-01-2024_A_31-12-2024.CSV,-30.01027777,-50.13583333
2024-04,58.0,INMET_S_RS_A834_TRAMANDAI_01-01-2024_A_31-12-2024.CSV,-30.01027777,-50.13583333
2024-05,122.0,INMET_S_RS_A834_TRAMANDAI_01-01-2024_A_31-12-2024.CSV,-30.01027777,-50.13583333
2024-06,19.0,INMET_S_RS_A834_TRAMANDAI_01-01-2024_A_31-12-2024.CSV,-30.01027777,-50.13583333
2024-07,24.0,INMET_S_RS_A834_TRAMANDAI_01-01-2024_A_31-12-2024.CSV,-30.01027777,-50.13583333
2024-08,9.0,INMET_S_RS_A834_TRAMANDAI_01-01-2024_A_31-12-2024.CSV,-30.01027777,-50.13583333
2024-12,0.0,INMET_S_RS_A834_TRAMANDAI_01-01-2024_A_31-12-2024.CSV,-30.01027777,-50.13583333
2024-01,34.0,INMET_S_RS_A809_URUGUAIANA_01-01-2024_A_31-12-2024.CSV,-29.83999999,-57.08194443
2024-02,19.0,INMET_S_RS_A809_URUGUAIANA_01-01-2024_A_31-12-2024.CSV,-29.83999999,-57.08194443
2024-03,116.0,INMET_S_RS_A809_URUGUAIANA_01-01-2024_A_31-12-2024.CSV,-29.83999999,-57.08194443
2024-04,90.0,INMET_S_RS_A809_URUGUAIANA_01-01-2024_A_31-12-2024.CSV,-29.83999999,-57.08194443
2024-05,5.0,INMET_S_RS_A809_URUGUAIANA_01-01-2024_A_31-12-2024.CSV,-29.83999999,-57.08194443
2024-06,3.0,INMET_S_RS_A809_URUGUAIANA_01-01-2024_A_31-12-2024.CSV,-29.83999999,-57.08194443
2024-07,0.0,INMET_S_RS_A809_URUGUAIANA_01-01-2024_A_31-12-2024.CSV,-29.83999999,-57.08194443
2024-08,35.0,INMET_S_RS_A809_URUGUAIANA_01-01-2024_A_31-12-2024.CSV,-29.83999999,-57.08194443
2024-09,25.0,INMET_S_RS_A809_URUGUAIANA_01-01-2024_A_31-12-2024.CSV,-29.83999999,-57.08194443
2024-10,40.0,INMET_S_RS_A809_URUGUAIANA_01-01-2024_A_31-12-2024.CSV,-29.83999999,-57.08194443
2024-11,38.0,INMET_S_RS_A809_URUGUAIANA_01-01-2024_A_31-12-2024.CSV,-29.83999999,-57.08194443
2024-12,59.0,INMET_S_RS_A809_URUGUAIANA_01-01-2024_A_31-12-2024.CSV,-29.83999999,-57.08194443
2024-01,3.0,INMET_S_RS_A887_CAPAO DO LEAO (PELOTAS)_01-01-2024_A_31-12-2024.CSV,-31.8025,-52.40722222
2024-02,44.0,INMET_S_RS_A887_CAPAO DO LEAO (PELOTAS)_01-01-2024_A_31-12-2024.CSV,-31.8025,-52.40722222
2024-03,4.0,INMET_S_RS_A887_CAPAO DO LEAO (PELOTAS)_01-01-2024_A_31-12-2024.CSV,-31.8025,-52.40722222
2024-04,69.0,INMET_S_RS_A887_CAPAO DO LEAO (PELOTAS)_01-01-2024_A_31-12-2024.CSV,-31.8025,-52.40722222
2024-05,53.0,INMET_S_RS_A887_CAPAO DO LEAO (PELOTAS)_01-01-2024_A_31-12-2024.CSV,-31.8025,-52.40722222
2024-06,10.0,INMET_S_RS_A887_CAPAO DO LEAO (PELOTAS)_01-01-2024_A_31-12-2024.CSV,-31.8025,-52.40722222
2024-07,2.0,INMET_S_RS_A887_CAPAO DO LEAO (PELOTAS)_01-01-2024_A_31-12-2024.CSV,-31.8025,-52.40722222
2024-08,30.0,INMET_S_RS_A887_CAPAO DO LEAO (PELOTAS)_01-01-2024_A_31-12-2024.CSV,-31.8025,-52.40722222
2024-09,42.0,INMET_S_RS_A887_CAPAO DO LEAO (PELOTAS)_01-01-2024_A_31-12-2024.CSV,-31.8025,-52.40722222
2024-10,50.0,INMET_S_RS_A887_CAPAO DO LEAO (PELOTAS)_01-01-2024_A_31-12-2024.CSV,-31.8025,-52.40722222
2024-11,2.0,INMET_S_RS_A887_CAPAO DO LEAO (PELOTAS)_01-01-2024_A_31-12-2024.CSV,-31.8025,-52.40722222
2024-12,23.0,INMET_S_RS_A887_CAPAO DO LEAO (PELOTAS)_01-01-2024_A_31-12-2024.CSV,-31.8025,-52.40722222
2024-01,1.0,INMET_S_RS_A829_SAO JOSE DOS AUSENTES_01-01-2024_A_31-12-2024.CSV,-28.7486111,-50.05777777
2024-02,4.0,INMET_S_RS_A829_SAO JOSE DOS AUSENTES_01-01-2024_A_31-12-2024.CSV,-28.7486111,-50.05777777
2024-03,8.0,INMET_S_RS_A829_SAO JOSE DOS AUSENTES_01-01-2024_A_31-12-2024.CSV,-28.7486111,-50.05777777
2024-04,13.0,INMET_S_RS_A829_SAO JOSE DOS AUSENTES_01-01-2024_A_31-12-2024.CSV,-28.7486111,-50.05777777
2024-09,17.0,INMET_S_RS_A829_SAO JOSE DOS AUSENTES_01-01-2024_A_31-12-2024.CSV,-28.7486111,-50.05777777
2024-10,34.0,INMET_S_RS_A829_SAO JOSE DOS AUSENTES_01-01-2024_A_31-12-2024.CSV,-28.7486111,-50.05777777
2024-11,24.0,INMET_S_RS_A829_SAO JOSE DOS AUSENTES_01-01-2024_A_31-12-2024.CSV,-28.7486111,-50.05777777
2024-12,28.0,INMET_S_RS_A829_SAO JOSE DOS AUSENTES_01-01-2024_A_31-12-2024.CSV,-28.7486111,-50.05777777
2024-01,39.0,INMET_S_RS_A853_CRUZ ALTA_01-01-2024_A_31-12-2024.CSV,-28.60344,-53.673597
2024-02,15.0,INMET_S_RS_A853_CRUZ ALTA_01-01-2024_A_31-12-2024.CSV,-28.60344,-53.673597
2024-03,21.0,INMET_S_RS_A853_CRUZ ALTA_01-01-2024_A_31-12-2024.CSV,-28.60344,-53.673597
2024-04,27.0,INMET_S_RS_A853_CRUZ ALTA_01-01-2024_A_31-12-2024.CSV,-28.60344,-53.673597
2024-05,99.0,INMET_S_RS_A853_CRUZ ALTA_01-01-2024_A_31-12-2024.CSV,-28.60344,-53.673597
2024-06,42.0,INMET_S_RS_A853_CRUZ ALTA_01-01-2024_A_31-12-2024.CSV,-28.60344,-53.673597
2024-07,7.0,INMET_S_RS_A853_CRUZ ALTA_01-01-2024_A_31-12-2024.CSV,-28.60344,-53.673597
2024-08,25.0,INMET_S_RS_A853_CRUZ ALTA_01-01-2024_A_31-12-2024.CSV,-28.60344,-53.673597
2024-09,14.0,INMET_S_RS_A853_CRUZ ALTA_01-01-2024_A_31-12-2024.CSV,-28.60344,-53.673597
2024-10,31.0,INMET_S_RS_A853_CRUZ ALTA_01-01-2024_A_31-12-2024.CSV,-28.60344,-53.673597
2024-11,8.0,INMET_S_RS_A853_CRUZ ALTA_01-01-2024_A_31-12-2024.CSV,-28.60344,-53.673597
2024-12,0.0,INMET_S_RS_A853_CRUZ ALTA_01-01-2024_A_31-12-2024.CSV,-28.60344,-53.673597
2024-01,14.0,INMET_S_RS_A832_SAO GABRIEL_01-01-2024_A_31-12-2024.CSV,-30.34138888,-54.31083333
2024-02,6.0,INMET_S_RS_A832_SAO GABRIEL_01-01-2024_A_31-12-2024.CSV,-30.34138888,-54.31083333
2024-03,52.0,INMET_S_RS_A832_SAO GABRIEL_01-01-2024_A_31-12-2024.CSV,-30.34138888,-54.31083333
2024-04,94.0,INMET_S_RS_A832_SAO GABRIEL_01-01-2024_A_31-12-2024.CSV,-30.34138888,-54.31083333
2024-05,30.0,INMET_S_RS_A832_SAO GABRIEL_01-01-2024_A_31-12-2024.CSV,-30.34138888,-54.31083333
2024-06,34.0,INMET_S_RS_A832_SAO GABRIEL_01-01-2024_A_31-12-2024.CSV,-30.34138888,-54.31083333
2024-07,4.0,INMET_S_RS_A832_SAO GABRIEL_01-01-2024_A_31-12-2024.CSV,-30.34138888,-54.31083333
2024-08,49.0,INMET_S_RS_A832_SAO GABRIEL_01-01-2024_A_31-12-2024.CSV,-30.34138888,-54.31083333
2024-09,18.0,INMET_S_RS_A832_SAO GABRIEL_01-01-2024_A_31-12-2024.CSV,-30.34138888,-54.31083333
2024-10,42.0,INMET_S_RS_A832_SAO GABRIEL_01-01-2024_A_31-12-2024.CSV,-30.34138888,-54.31083333
2024-11,36.0,INMET_S_RS_A832_SAO GABRIEL_01-01-2024_A_31-12-2024.CSV,-30.34138888,-54.31083333
2024-12,14.0,INMET_S_RS_A832_SAO GABRIEL_01-01-2024_A_31-12-2024.CSV,-30.34138888,-54.31083333
2024-01,24.0,INMET_S_RS_A882_TEUTONIA_01-01-2024_A_31-12-2024.CSV,-29.44916666,-51.82333332
2024-02,27.0,INMET_S_RS_A882_TEUTONIA_01-01-2024_A_31-12-2024.CSV,-29.44916666,-51.82333332
2024-03,16.0,INMET_S_RS_A882_TEUTONIA_01-01-2024_A_31-12-2024.CSV,-29.44916666,-51.82333332
2024-04,10.0,INMET_S_RS_A882_TEUTONIA_01-01-2024_A_31-12-2024.CSV,-29.44916666,-51.82333332
2024-05,104.0,INMET_S_RS_A882_TEUTONIA_01-01-2024_A_31-12-2024.CSV,-29.44916666,-51.82333332
2024-06,48.0,INMET_S_RS_A882_TEUTONIA_01-01-2024_A_31-12-2024.CSV,-29.44916666,-51.82333332
2024-07,2.0,INMET_S_RS_A882_TEUTONIA_01-01-2024_A_31-12-2024.CSV,-29.44916666,-51.82333332
2024-08,4.0,INMET_S_RS_A882_TEUTONIA_01-01-2024_A_31-12-2024.CSV,-29.44916666,-51.82333332
2024-09,33.0,INMET_S_RS_A882_TEUTONIA_01-01-2024_A_31-12-2024.CSV,-29.44916666,-51.82333332
2024-10,21.0,INMET_S_RS_A882_TEUTONIA_01-01-2024_A_31-12-2024.CSV,-29.44916666,-51.82333332
2024-11,27.0,INMET_S_RS_A882_TEUTONIA_01-01-2024_A_31-12-2024.CSV,-29.44916666,-51.82333332
2024-12,41.0,INMET_S_RS_A882_TEUTONIA_01-01-2024_A_31-12-2024.CSV,-29.44916666,-51.82333332
2024-03,4.0,INMET_S_RS_A811_CANGUCU_01-01-2024_A_31-12-2024.CSV,-31.40333333,-52.70083333
2024-04,31.0,INMET_S_RS_A811_CANGUCU_01-01-2024_A_31-12-2024.CSV,-31.40333333,-52.70083333
2024-05,60.0,INMET_S_RS_A811_CANGUCU_01-01-2024_A_31-12-2024.CSV,-31.40333333,-52.70083333
2024-06,31.0,INMET_S_RS_A811_CANGUCU_01-01-2024_A_31-12-2024.CSV,-31.40333333,-52.70083333
2024-07,13.0,INMET_S_RS_A811_CANGUCU_01-01-2024_A_31-12-2024.CSV,-31.40333333,-52.70083333
2024-08,13.0,INMET_S_RS_A811_CANGUCU_01-01-2024_A_31-12-2024.CSV,-31.40333333,-52.70083333
2024-09,48.0,INMET_S_RS_A811_CANGUCU_01-01-2024_A_31-12-2024.CSV,-31.40333333,-52.70083333
2024-10,41.0,INMET_S_RS_A811_CANGUCU_01-01-2024_A_31-12-2024.CSV,-31.40333333,-52.70083333
2024-11,12.0,INMET_S_RS_A811_CANGUCU_01-01-2024_A_31-12-2024.CSV,-31.40333333,-52.70083333
2024-12,28.0,INMET_S_RS_A811_CANGUCU_01-01-2024_A_31-12-2024.CSV,-31.40333333,-52.70083333
2024-01,50.0,INMET_S_RS_A852_SAO LUIZ GONZAGA_01-01-2024_A_31-12-2024.CSV,-28.41722221,-54.9625
2024-02,14.0,INMET_S_RS_A852_SAO LUIZ GONZAGA_01-01-2024_A_31-12-2024.CSV,-28.41722221,-54.9625
2024-03,27.0,INMET_S_RS_A852_SAO LUIZ GONZAGA_01-01-2024_A_31-12-2024.CSV,-28.41722221,-54.9625
2024-04,46.0,INMET_S_RS_A852_SAO LUIZ GONZAGA_01-01-2024_A_31-12-2024.CSV,-28.41722221,-54.9625
2024-05,58.0,INMET_S_RS_A852_SAO LUIZ GONZAGA_01-01-2024_A_31-12-2024.CSV,-28.41722221,-54.9625
2024-06,26.0,INMET_S_RS_A852_SAO LUIZ GONZAGA_01-01-2024_A_31-12-2024.CSV,-28.41722221,-54.9625
2024-07,5.0,INMET_S_RS_A852_SAO LUIZ GONZAGA_01-01-2024_A_31-12-2024.CSV,-28.41722221,-54.9625
2024-08,9.0,INMET_S_RS_A852_SAO LUIZ GONZAGA_01-01-2024_A_31-12-2024.CSV,-28.41722221,-54.9625
2024-09,10.0,INMET_S_RS_A852_SAO LUIZ GONZAGA_01-01-2024_A_31-12-2024.CSV,-28.41722221,-54.9625
2024-10,34.0,INMET_S_RS_A852_SAO LUIZ GONZAGA_01-01-2024_A_31-12-2024.CSV,-28.41722221,-54.9625
2024-11,29.0,INMET_S_RS_A852_SAO LUIZ GONZAGA_01-01-2024_A_31-12-2024.CSV,-28.41722221,-54.9625
2024-12,32.0,INMET_S_RS_A852_SAO LUIZ GONZAGA_01-01-2024_A_31-12-2024.CSV,-28.41722221,-54.9625
2024-01,18.0,INMET_S_RS_A827_BAGE_01-01-2024_A_31-12-2024.CSV,-31.34777777,-54.01333333
2024-02,36.0,INMET_S_RS_A827_BAGE_01-01-2024_A_31-12-2024.CSV,-31.34777777,-54.01333333
2024-03,19.0,INMET_S_RS_A827_BAGE_01-01-2024_A_31-12-2024.CSV,-31.34777777,-54.01333333
2024-04,77.0,INMET_S_RS_A827_BAGE_01-01-2024_A_31-12-2024.CSV,-31.34777777,-54.01333333
2024-05,74.0,INMET_S_RS_A827_BAGE_01-01-2024_A_31-12-2024.CSV,-31.34777777,-54.01333333
2024-06,7.0,INMET_S_RS_A827_BAGE_01-01-2024_A_31-12-2024.CSV,-31.34777777,-54.01333333
2024-07,4.0,INMET_S_RS_A827_BAGE_01-01-2024_A_31-12-2024.CSV,-31.34777777,-54.01333333
2024-08,45.0,INMET_S_RS_A827_BAGE_01-01-2024_A_31-12-2024.CSV,-31.34777777,-54.01333333
2024-09,31.0,INMET_S_RS_A827_BAGE_01-01-2024_A_31-12-2024.CSV,-31.34777777,-54.01333333
2024-10,85.0,INMET_S_RS_A827_BAGE_01-01-2024_A_31-12-2024.CSV,-31.34777777,-54.01333333
2024-11,23.0,INMET_S_RS_A827_BAGE_01-01-2024_A_31-12-2024.CSV,-31.34777777,-54.01333333
2024-12,1.0,INMET_S_RS_A827_BAGE_01-01-2024_A_31-12-2024.CSV,-31.34777777,-54.01333333
2024-01,39.0,INMET_S_RS_A886_TUPANCIRETA_01-01-2024_A_31-12-2024.CSV,-29.08944444,-53.82666666
2024-02,12.0,INMET_S_RS_A886_TUPANCIRETA_01-01-2024_A_31-12-2024.CSV,-29.08944444,-53.82666666
2024-03,74.0,INMET_S_RS_A886_TUPANCIRETA_01-01-2024_A_31-12-2024.CSV,-29.08944444,-53.82666666
2024-04,85.0,INMET_S_RS_A886_TUPANCIRETA_01-01-2024_A_31-12-2024.CSV,-29.08944444,-53.82666666
2024-05,61.0,INMET_S_RS_A886_TUPANCIRETA_01-01-2024_A_31-12-2024.CSV,-29.08944444,-53.82666666
2024-06,21.0,INMET_S_RS_A886_TUPANCIRETA_01-01-2024_A_31-12-2024.CSV,-29.08944444,-53.82666666
2024-07,9.0,INMET_S_RS_A886_TUPANCIRETA_01-01-2024_A_31-12-2024.CSV,-29.08944444,-53.82666666
2024-08,25.0,INMET_S_RS_A886_TUPANCIRETA_01-01-2024_A_31-12-2024.CSV,-29.08944444,-53.82666666
2024-09,28.0,INMET_S_RS_A886_TUPANCIRETA_01-01-2024_A_31-12-2024.CSV,-29.08944444,-53.82666666
2024-10,31.0,INMET_S_RS_A886_TUPANCIRETA_01-01-2024_A_31-12-2024.CSV,-29.08944444,-53.82666666
2024-11,24.0,INMET_S_RS_A886_TUPANCIRETA_01-01-2024_A_31-12-2024.CSV,-29.08944444,-53.82666666
2024-12,21.0,INMET_S_RS_A886_TUPANCIRETA_01-01-2024_A_31-12-2024.CSV,-29.08944444,-53.82666666
2024-01,28.0,INMET_S_RS_A897_CAMBARA DO SUL_01-01-2024_A_31-12-2024.CSV,-29.04916666,-50.14972221
2024-02,4.0,INMET_S_RS_A897_CAMBARA DO SUL_01-01-2024_A_31-12-2024.CSV,-29.04916666,-50.14972221
2024-03,10.0,INMET_S_RS_A897_CAMBARA DO SUL_01-01-2024_A_31-12-2024.CSV,-29.04916666,-50.14972221
2024-04,31.0,INMET_S_RS_A897_CAMBARA DO SUL_01-01-2024_A_31-12-2024.CSV,-29.04916666,-50.14972221
2024-05,161.0,INMET_S_RS_A897_CAMBARA DO SUL_01-01-2024_A_31-12-2024.CSV,-29.04916666,-50.14972221
2024-06,75.0,INMET_S_RS_A897_CAMBARA DO SUL_01-01-2024_A_31-12-2024.CSV,-29.04916666,-50.14972221
2024-07,10.0,INMET_S_RS_A897_CAMBARA DO SUL_01-01-2024_A_31-12-2024.CSV,-29.04916666,-50.14972221
2024-08,12.0,INMET_S_RS_A897_CAMBARA DO SUL_01-01-2024_A_31-12-2024.CSV,-29.04916666,-50.14972221
2024-09,22.0,INMET_S_RS_A897_CAMBARA DO SUL_01-01-2024_A_31-12-2024.CSV,-29.04916666,-50.14972221
2024-10,18.0,INMET_S_RS_A897_CAMBARA DO SUL_01-01-2024_A_31-12-2024.CSV,-29.04916666,-50.14972221
2024-11,22.0,INMET_S_RS_A897_CAMBARA DO SUL_01-01-2024_A_31-12-2024.CSV,-29.04916666,-50.14972221
2024-12,8.0,INMET_S_RS_A897_CAMBARA DO SUL_01-01-2024_A_31-12-2024.CSV,-29.04916666,-50.14972221
2024-01,29.0,INMET_S_RS_A839_PASSO FUNDO_01-01-2024_A_31-12-2024.CSV,-28.22666666,-52.40361111
2024-02,39.0,INMET_S_RS_A839_PASSO FUNDO_01-01-2024_A_31-12-2024.CSV,-28.22666666,-52.40361111
2024-03,16.0,INMET_S_RS_A839_PASSO FUNDO_01-01-2024_A_31-12-2024.CSV,-28.22666666,-52.40361111
2024-04,81.0,INMET_S_RS_A839_PASSO FUNDO_01-01-2024_A_31-12-2024.CSV,-28.22666666,-52.40361111
2024-05,103.0,INMET_S_RS_A839_PASSO FUNDO_01-01-2024_A_31-12-2024.CSV,-28.22666666,-52.40361111
2024-06,74.0,INMET_S_RS_A839_PASSO FUNDO_01-01-2024_A_31-12-2024.CSV,-28.22666666,-52.40361111
2024-07,14.0,INMET_S_RS_A839_PASSO FUNDO_01-01-2024_A_31-12-2024.CSV,-28.22666666,-52.40361111
2024-08,10.0,INMET_S_RS_A839_PASSO FUNDO_01-01-2024_A_31-12-2024.CSV,-28.22666666,-52.40361111
2024-09,13.0,INMET_S_RS_A839_PASSO FUNDO_01-01-2024_A_31-12-2024.CSV,-28.22666666,-52.40361111
2024-10,43.0,INMET_S_RS_A839_PASSO FUNDO_01-01-2024_A_31-12-2024.CSV,-28.22666666,-52.40361111
2024-11,23.0,INMET_S_RS_A839_PASSO FUNDO_01-01-2024_A_31-12-2024.CSV,-28.22666666,-52.40361111
2024-12,70.0,INMET_S_RS_A839_PASSO FUNDO_01-01-2024_A_31-12-2024.CSV,-28.22666666,-52.40361111
2024-01,6.0,INMET_S_RS_A826_ALEGRETE_01-01-2024_A_31-12-2024.CSV,-29.70916666,-55.52555554
2024-02,5.0,INMET_S_RS_A826_ALEGRETE_01-01-2024_A_31-12-2024.CSV,-29.70916666,-55.52555554
2024-03,46.0,INMET_S_RS_A826_ALEGRETE_01-01-2024_A_31-12-2024.CSV,-29.70916666,-55.52555554
2024-04,58.0,INMET_S_RS_A826_ALEGRETE_01-01-2024_A_31-12-2024.CSV,-29.70916666,-55.52555554
2024-05,19.0,INMET_S_RS_A826_ALEGRETE_01-01-2024_A_31-12-2024.CSV,-29.70916666,-55.52555554
2024-06,14.0,INMET_S_RS_A826_ALEGRETE_01-01-2024_A_31-12-2024.CSV,-29.70916666,-55.52555554
2024-07,0.0,INMET_S_RS_A826_ALEGRETE_01-01-2024_A_31-12-2024.CSV,-29.70916666,-55.52555554
2024-08,29.0,INMET_S_RS_A826_ALEGRETE_01-01-2024_A_31-12-2024.CSV,-29.70916666,-55.52555554
2024-09,35.0,INMET_S_RS_A826_ALEGRETE_01-01-2024_A_31-12-2024.CSV,-29.70916666,-55.52555554
2024-10,18.0,INMET_S_RS_A826_ALEGRETE_01-01-2024_A_31-12-2024.CSV,-29.70916666,-55.52555554
2024-11,38.0,INMET_S_RS_A826_ALEGRETE_01-01-2024_A_31-12-2024.CSV,-29.70916666,-55.52555554
2024-12,31.0,INMET_S_RS_A826_ALEGRETE_01-01-2024_A_31-12-2024.CSV,-29.70916666,-55.52555554
2024-01,0.0,INMET_S_RS_A810_SANTA ROSA_01-01-2024_A_31-12-2024.CSV,-27.89055555,-54.47999999
2024-03,5.0,INMET_S_RS_A810_SANTA ROSA_01-01-2024_A_31-12-2024.CSV,-27.89055555,-54.47999999
2024-04,87.0,INMET_S_RS_A810_SANTA ROSA_01-01-2024_A_31-12-2024.CSV,-27.89055555,-54.47999999
2024-05,47.0,INMET_S_RS_A810_SANTA ROSA_01-01-2024_A_31-12-2024.CSV,-27.89055555,-54.47999999
2024-06,53.0,INMET_S_RS_A810_SANTA ROSA_01-01-2024_A_31-12-2024.CSV,-27.89055555,-54.47999999
2024-07,10.0,INMET_S_RS_A810_SANTA ROSA_01-01-2024_A_31-12-2024.CSV,-27.89055555,-54.47999999
2024-08,2.0,INMET_S_RS_A810_SANTA ROSA_01-01-2024_A_31-12-2024.CSV,-27.89055555,-54.47999999
2024-09,1.0,INMET_S_RS_A810_SANTA ROSA_01-01-2024_A_31-12-2024.CSV,-27.89055555,-54.47999999
2024-10,37.0,INMET_S_RS_A810_SANTA ROSA_01-01-2024_A_31-12-2024.CSV,-27.89055555,-54.47999999
2024-11,18.0,INMET_S_RS_A810_SANTA ROSA_01-01-2024_A_31-12-2024.CSV,-27.89055555,-54.47999999
2024-12,50.0,INMET_S_RS_A810_SANTA ROSA_01-01-2024_A_31-12-2024.CSV,-27.89055555,-54.47999999
2024-01,23.0,INMET_S_RS_A884_CAMPO BOM_01-01-2024_A_31-12-2024.CSV,-29.674293,-51.064042
2024-02,5.0,INMET_S_RS_A884_CAMPO BOM_01-01-2024_A_31-12-2024.CSV,-29.674293,-51.064042
2024-03,3.0,INMET_S_RS_A884_CAMPO BOM_01-01-2024_A_31-12-2024.CSV,-29.674293,-51.064042
2024-04,95.0,INMET_S_RS_A884_CAMPO BOM_01-01-2024_A_31-12-2024.CSV,-29.674293,-51.064042
2024-05,83.0,INMET_S_RS_A884_CAMPO BOM_01-01-2024_A_31-12-2024.CSV,-29.674293,-51.064042
2024-06,41.0,INMET_S_RS_A884_CAMPO BOM_01-01-2024_A_31-12-2024.CSV,-29.674293,-51.064042
2024-07,18.0,INMET_S_RS_A884_CAMPO BOM_01-01-2024_A_31-12-2024.CSV,-29.674293,-51.064042
2024-08,9.0,INMET_S_RS_A884_CAMPO BOM_01-01-2024_A_31-12-2024.CSV,-29.674293,-51.064042
2024-09,51.0,INMET_S_RS_A884_CAMPO BOM_01-01-2024_A_31-12-2024.CSV,-29.674293,-51.064042
2024-10,16.0,INMET_S_RS_A884_CAMPO BOM_01-01-2024_A_31-12-2024.CSV,-29.674293,-51.064042
2024-11,21.0,INMET_S_RS_A884_CAMPO BOM_01-01-2024_A_31-12-2024.CSV,-29.674293,-51.064042
2024-12,39.0,INMET_S_RS_A884_CAMPO BOM_01-01-2024_A_31-12-2024.CSV,-29.674293,-51.064042
